<?xml version="1.0" encoding="windows-1252" ?>
<adfc-config xmlns="http://xmlns.oracle.com/adf/controller" version="1.2">
  <managed-bean id="__3">
    <managed-bean-name id="__4">backing_masterTemplate</managed-bean-name>
    <managed-bean-class id="__1">qantas.com.au.overseas.view.backing.MasterTemplate</managed-bean-class>
    <managed-bean-scope id="__2">backingBean</managed-bean-scope>
    <!--oracle-jdev-comment:managed-bean-jsp-link:1masterTemplate.jspx-->
  </managed-bean>
  <managed-bean id="__6">
    <managed-bean-name id="__7">backing_header_template</managed-bean-name>
    <managed-bean-class id="__5">qantas.com.au.overseas.view.backing.Header_template</managed-bean-class>
    <managed-bean-scope id="__8">backingBean</managed-bean-scope>
    <!--oracle-jdev-comment:managed-bean-jsp-link:1header_template.jspx-->
  </managed-bean>
  <managed-bean id="__12">
    <managed-bean-name id="__9">userDetails</managed-bean-name>
    <managed-bean-class id="__10">view.qantas.com.au.overseas.utility.UserDetails</managed-bean-class>
    <managed-bean-scope id="__11">request</managed-bean-scope>
  </managed-bean>
  <managed-bean id="__15">
    <managed-bean-name id="__16">backing_ap_overseasPage</managed-bean-name>
    <managed-bean-class id="__14">qantas.com.au.overseas.view.backing.Ap_overseasPage</managed-bean-class>
    <managed-bean-scope id="__13">request</managed-bean-scope>
  </managed-bean>
</adfc-config>
