<?xml version="1.0" encoding="windows-1252" ?>
<adfc-config xmlns="http://xmlns.oracle.com/adf/controller" version="1.2">
  <task-flow-definition id="ap_overseasTF">
    <default-activity id="__1">invoiceHeaderLinedataload</default-activity>
    <method-call id="invoiceHeaderLinedataload">
      <method>#{bindings.invoiceHeaderLinedataload.execute}</method>
      <outcome id="__2">
        <fixed-outcome>invoiceHeaderLinedataload</fixed-outcome>
      </outcome>
    </method-call>
    <view id="view1">
      <page>/ap_overseasPage.jspx</page>
    </view>
    <control-flow-rule id="__4">
      <from-activity-id id="__5">invoiceHeaderLinedataload</from-activity-id>
      <control-flow-case id="__7">
        <from-outcome id="__8">invoiceHeaderLinedataload</from-outcome>
        <to-activity-id id="__6">view1</to-activity-id>
      </control-flow-case>
    </control-flow-rule>
    <visibility id="__3">
      <url-invoke-allowed/>
    </visibility>
  </task-flow-definition>
</adfc-config>
