<?xml version="1.0" encoding="windows-1252" ?>
<!DOCTYPE ViewObject SYSTEM "jbo_03_01.dtd">
<!---->
<ViewObject
  xmlns="http://xmlns.oracle.com/bc4j"
  Name="AccountVO"
  Version="11.1.1.64.93"
  InheritPersonalization="true"
  BindingStyle="OracleName"
  CustomQuery="true"
  PageIterMode="Full"
  UseGlueCode="false">
  <DesignTime>
    <Attr Name="_isExpertMode" Value="true"/>
  </DesignTime>
  <Properties>
    <SchemaBasedProperties>
      <LABEL
        ResId="qantas.com.au.overseas.model.AccountVO_LABEL"/>
    </SchemaBasedProperties>
  </Properties>
  <Variable
    Name="bindAccountName"
    Kind="viewcriteria"
    Type="java.lang.String"/>
  <Variable
    Name="bindAccountDesc"
    Kind="viewcriteria"
    Type="java.lang.String"/>
  <SQLQuery>
    <![CDATA[SELECT ffv.flex_value ACCOUNT ,
  ffv.description account_description
FROM apps.fnd_flex_value_sets ffvs ,
  apps.fnd_flex_values_vl ffv
WHERE ffvs.flex_value_set_name = 'QFEQGL_Account'
AND ffvs.flex_value_set_id     = ffv.flex_value_set_id
AND ffv.enabled_flag           = 'Y'
AND SYSDATE BETWEEN NVL(start_date_active,SYSDATE) AND NVL(end_date_active, SYSDATE + 1)
AND NOT EXISTS
  (SELECT 'NOT EXISTS'
  FROM apps.fnd_flex_value_sets ffvs1 ,
    apps.fnd_flex_values_vl ffv1
  WHERE ffvs1.flex_value_set_name = 'QFEQPA_WIP_ACCOUNTS'
  AND ffvs1.flex_value_set_id     = ffv1.flex_value_set_id
  AND ffv1.enabled_flag           = 'Y'
  AND SYSDATE BETWEEN NVL(start_date_active,SYSDATE) AND NVL(end_date_active, SYSDATE + 1)
  AND ffv.flex_value = ffv1.flex_value
  )]]>
  </SQLQuery>
  <ViewAttribute
    Name="Account"
    IsUpdateable="false"
    IsPersistent="false"
    IsNotNull="true"
    PrecisionRule="true"
    Precision="255"
    Type="java.lang.String"
    ColumnType="VARCHAR2"
    AliasName="ACCOUNT"
    Expression="ACCOUNT"
    SQLType="VARCHAR">
    <DesignTime>
      <Attr Name="_DisplaySize" Value="150"/>
    </DesignTime>
  </ViewAttribute>
  <ViewAttribute
    Name="AccountDescription"
    IsUpdateable="false"
    IsPersistent="false"
    PrecisionRule="true"
    Precision="240"
    Type="java.lang.String"
    ColumnType="VARCHAR2"
    AliasName="ACCOUNT_DESCRIPTION"
    Expression="ACCOUNT_DESCRIPTION"
    SQLType="VARCHAR">
    <DesignTime>
      <Attr Name="_DisplaySize" Value="240"/>
    </DesignTime>
  </ViewAttribute>
  <ViewCriteria
    Name="AccountVOCriteria"
    ViewObjectName="qantas.com.au.overseas.model.AccountVO"
    Conjunction="AND">
    <Properties>
      <CustomProperties>
        <Property
          Name="displayOperators"
          Value="InAdvancedMode"/>
        <Property
          Name="autoExecute"
          Value="false"/>
        <Property
          Name="allowConjunctionOverride"
          Value="true"/>
        <Property
          Name="showInList"
          Value="true"/>
        <Property
          Name="mode"
          Value="Basic"/>
      </CustomProperties>
    </Properties>
    <ViewCriteriaRow
      Name="vcrow251"
      UpperColumns="1">
      <ViewCriteriaItem
        Name="AccountVOCriteria_vcrow251_Account"
        ViewAttribute="Account"
        Operator="CONTAINS"
        Conjunction="AND"
        Value=":bindAccountName"
        IsBindVarValue="true"
        Required="Optional"/>
    </ViewCriteriaRow>
  </ViewCriteria>
  <ViewCriteria
    Name="AccountVOCriteria1"
    ViewObjectName="qantas.com.au.overseas.model.AccountVO"
    Conjunction="AND">
    <Properties>
      <CustomProperties>
        <Property
          Name="displayOperators"
          Value="InAdvancedMode"/>
        <Property
          Name="autoExecute"
          Value="false"/>
        <Property
          Name="allowConjunctionOverride"
          Value="true"/>
        <Property
          Name="showInList"
          Value="true"/>
        <Property
          Name="mode"
          Value="Basic"/>
      </CustomProperties>
    </Properties>
    <ViewCriteriaRow
      Name="vcrow233"
      UpperColumns="1">
      <ViewCriteriaItem
        Name="AccountVOCriteria1_vcrow233_Account"
        ViewAttribute="Account"
        Operator="="
        Conjunction="AND"
        Value=":bindAccountName"
        IsBindVarValue="true"
        Required="Optional"/>
    </ViewCriteriaRow>
  </ViewCriteria>
  <ViewCriteria
    Name="AccountDescVOCriteria"
    ViewObjectName="qantas.com.au.overseas.model.AccountVO"
    Conjunction="AND">
    <Properties>
      <CustomProperties>
        <Property
          Name="displayOperators"
          Value="InAdvancedMode"/>
        <Property
          Name="autoExecute"
          Value="false"/>
        <Property
          Name="allowConjunctionOverride"
          Value="true"/>
        <Property
          Name="showInList"
          Value="true"/>
        <Property
          Name="mode"
          Value="Basic"/>
      </CustomProperties>
    </Properties>
    <ViewCriteriaRow
      Name="vcrow218"
      UpperColumns="1">
      <ViewCriteriaItem
        Name="AccountDescription"
        ViewAttribute="AccountDescription"
        Operator="CONTAINS"
        Conjunction="AND"
        Value=":bindAccountDesc"
        IsBindVarValue="true"
        Required="Optional"/>
    </ViewCriteriaRow>
  </ViewCriteria>
  <ViewCriteria
    Name="AccountVOCriteria2"
    ViewObjectName="qantas.com.au.overseas.model.AccountVO"
    Conjunction="AND">
    <Properties>
      <CustomProperties>
        <Property
          Name="displayOperators"
          Value="InAdvancedMode"/>
        <Property
          Name="autoExecute"
          Value="false"/>
        <Property
          Name="allowConjunctionOverride"
          Value="true"/>
        <Property
          Name="showInList"
          Value="true"/>
        <Property
          Name="mode"
          Value="Basic"/>
      </CustomProperties>
    </Properties>
    <ViewCriteriaRow
      Name="vcrow198"
      UpperColumns="1">
      <ViewCriteriaItem
        Name="AccountVOCriteria2_vcrow198_Account"
        ViewAttribute="Account"
        Operator="="
        Conjunction="AND"
        Value=":bindAccountName"
        IsBindVarValue="true"
        Required="Optional"/>
    </ViewCriteriaRow>
  </ViewCriteria>
  <ResourceBundle>
    <PropertiesBundle
      PropertiesFile="qantas.com.au.overseas.model.ModelBundle"/>
  </ResourceBundle>
</ViewObject>
