<?xml version="1.0" encoding="windows-1252" ?>
<!DOCTYPE ViewObject SYSTEM "jbo_03_01.dtd">
<!---->
<ViewObject
  xmlns="http://xmlns.oracle.com/bc4j"
  Name="AnalysisCodeVO"
  Version="11.1.1.64.93"
  InheritPersonalization="true"
  BindingStyle="OracleName"
  CustomQuery="true"
  PageIterMode="Full"
  UseGlueCode="false">
  <DesignTime>
    <Attr Name="_isExpertMode" Value="true"/>
  </DesignTime>
  <Properties>
    <SchemaBasedProperties>
      <LABEL
        ResId="qantas.com.au.overseas.model.AnalysisCodeVO_LABEL"/>
    </SchemaBasedProperties>
  </Properties>
  <Variable
    Name="bindAnalysisCode"
    Kind="viewcriteria"
    Type="java.lang.String"/>
  <Variable
    Name="bindAnalysiscodeDesc"
    Kind="viewcriteria"
    Type="java.lang.String"/>
  <SQLQuery>
    <![CDATA[SELECT ffv.flex_value analysiscode
      ,ffv.description description     
  FROM apps.fnd_flex_value_sets ffvs
      ,apps.fnd_flex_values_vl  ffv
 WHERE ffvs.flex_value_set_name = 'QFEQGL_Analysis'
   AND ffvs.flex_value_set_id = ffv.flex_value_set_id
   AND ffv.enabled_flag = 'Y'
   AND SYSDATE BETWEEN nvl(start_date_active,SYSDATE) 
                   AND nvl(end_date_active, SYSDATE + 1)]]>
  </SQLQuery>
  <ViewAttribute
    Name="Analysiscode"
    IsUpdateable="false"
    IsPersistent="false"
    IsNotNull="true"
    PrecisionRule="true"
    Precision="255"
    Type="java.lang.String"
    ColumnType="VARCHAR2"
    AliasName="ANALYSISCODE"
    Expression="ANALYSISCODE"
    SQLType="VARCHAR">
    <DesignTime>
      <Attr Name="_DisplaySize" Value="150"/>
    </DesignTime>
  </ViewAttribute>
  <ViewAttribute
    Name="Description"
    IsUpdateable="false"
    IsPersistent="false"
    PrecisionRule="true"
    Precision="240"
    Type="java.lang.String"
    ColumnType="VARCHAR2"
    AliasName="DESCRIPTION"
    Expression="DESCRIPTION"
    SQLType="VARCHAR">
    <DesignTime>
      <Attr Name="_DisplaySize" Value="240"/>
    </DesignTime>
  </ViewAttribute>
  <ViewCriteria
    Name="AnalysisCodeVOCriteria"
    ViewObjectName="qantas.com.au.overseas.model.AnalysisCodeVO"
    Conjunction="AND">
    <Properties>
      <CustomProperties>
        <Property
          Name="displayOperators"
          Value="InAdvancedMode"/>
        <Property
          Name="autoExecute"
          Value="false"/>
        <Property
          Name="allowConjunctionOverride"
          Value="true"/>
        <Property
          Name="showInList"
          Value="true"/>
        <Property
          Name="mode"
          Value="Basic"/>
      </CustomProperties>
    </Properties>
    <ViewCriteriaRow
      Name="vcrow372"
      UpperColumns="1">
      <ViewCriteriaItem
        Name="AnalysisCodeVOCriteria_vcrow372_Analysiscode"
        ViewAttribute="Analysiscode"
        Operator="CONTAINS"
        Conjunction="AND"
        Value=":bindAnalysisCode"
        IsBindVarValue="true"
        Required="Optional"/>
    </ViewCriteriaRow>
  </ViewCriteria>
  <ViewCriteria
    Name="AnalysisCodeVOCriteria1"
    ViewObjectName="qantas.com.au.overseas.model.AnalysisCodeVO"
    Conjunction="AND">
    <Properties>
      <CustomProperties>
        <Property
          Name="displayOperators"
          Value="InAdvancedMode"/>
        <Property
          Name="autoExecute"
          Value="false"/>
        <Property
          Name="allowConjunctionOverride"
          Value="true"/>
        <Property
          Name="showInList"
          Value="true"/>
        <Property
          Name="mode"
          Value="Basic"/>
      </CustomProperties>
    </Properties>
    <ViewCriteriaRow
      Name="vcrow384"
      UpperColumns="1">
      <ViewCriteriaItem
        Name="AnalysisCodeVOCriteria1_vcrow384_Analysiscode"
        ViewAttribute="Analysiscode"
        Operator="="
        Conjunction="AND"
        Value=":bindAnalysisCode"
        IsBindVarValue="true"
        Required="Optional"/>
    </ViewCriteriaRow>
  </ViewCriteria>
  <ViewCriteria
    Name="AnalysisCodeDescVOCriteria"
    ViewObjectName="qantas.com.au.overseas.model.AnalysisCodeVO"
    Conjunction="AND">
    <Properties>
      <CustomProperties>
        <Property
          Name="displayOperators"
          Value="InAdvancedMode"/>
        <Property
          Name="autoExecute"
          Value="false"/>
        <Property
          Name="allowConjunctionOverride"
          Value="true"/>
        <Property
          Name="showInList"
          Value="true"/>
        <Property
          Name="mode"
          Value="Basic"/>
      </CustomProperties>
    </Properties>
    <ViewCriteriaRow
      Name="vcrow399"
      UpperColumns="1">
      <ViewCriteriaItem
        Name="Description"
        ViewAttribute="Description"
        Operator="CONTAINS"
        Conjunction="AND"
        Value=":bindAnalysiscodeDesc"
        IsBindVarValue="true"
        Required="Optional"/>
    </ViewCriteriaRow>
  </ViewCriteria>
  <ViewCriteria
    Name="AnalysisCodeVOCriteria2"
    ViewObjectName="qantas.com.au.overseas.model.AnalysisCodeVO"
    Conjunction="AND">
    <Properties>
      <CustomProperties>
        <Property
          Name="displayOperators"
          Value="InAdvancedMode"/>
        <Property
          Name="autoExecute"
          Value="false"/>
        <Property
          Name="allowConjunctionOverride"
          Value="true"/>
        <Property
          Name="showInList"
          Value="true"/>
        <Property
          Name="mode"
          Value="Basic"/>
      </CustomProperties>
    </Properties>
    <ViewCriteriaRow
      Name="vcrow425"
      UpperColumns="1">
      <ViewCriteriaItem
        Name="AnalysisCodeVOCriteria2_vcrow425_Analysiscode"
        ViewAttribute="Analysiscode"
        Operator="="
        Conjunction="AND"
        Value=":bindAnalysisCode"
        IsBindVarValue="true"
        Required="Optional"/>
    </ViewCriteriaRow>
  </ViewCriteria>
  <ResourceBundle>
    <PropertiesBundle
      PropertiesFile="qantas.com.au.overseas.model.ModelBundle"/>
  </ResourceBundle>
</ViewObject>
