<?xml version="1.0" encoding="windows-1252" ?>
<!DOCTYPE Entity SYSTEM "jbo_03_01.dtd">
<!---->
<Entity
  xmlns="http://xmlns.oracle.com/bc4j"
  Name="ApInvoiceOverseasTableEO"
  Version="11.1.1.64.93"
  InheritPersonalization="true"
  DBObjectType="table"
  DBObjectName="AP_INVOICE_OVERSEAS_TABLE"
  AliasName="ApInvoiceOverseasTableEO"
  BindingStyle="OracleName"
  UseGlueCode="false">
  <DesignTime>
    <Attr Name="_codeGenFlag2" Value="Access"/>
    <AttrArray Name="_publishEvents"/>
  </DesignTime>
  <Attribute
    Name="UserId"
    IsNotNull="true"
    ColumnName="USER_ID"
    SQLType="NUMERIC"
    Type="oracle.jbo.domain.Number"
    ColumnType="NUMBER"
    TableName="AP_INVOICE_OVERSEAS_TABLE"
    PrimaryKey="true">
    <DesignTime>
      <Attr Name="_DisplaySize" Value="39"/>
    </DesignTime>
  </Attribute>
  <Attribute
    Name="InvoiceId"
    IsNotNull="true"
    Precision="15"
    Scale="0"
    ColumnName="INVOICE_ID"
    SQLType="NUMERIC"
    Type="oracle.jbo.domain.Number"
    ColumnType="NUMBER"
    TableName="AP_INVOICE_OVERSEAS_TABLE"
    PrimaryKey="true">
    <DesignTime>
      <Attr Name="_DisplaySize" Value="16"/>
    </DesignTime>
  </Attribute>
  <Attribute
    Name="ModifiedOn"
    ColumnName="MODIFIED_ON"
    SQLType="TIMESTAMP"
    Type="oracle.jbo.domain.Date"
    ColumnType="DATE"
    TableName="AP_INVOICE_OVERSEAS_TABLE">
    <DesignTime>
      <Attr Name="_DisplaySize" Value="7"/>
    </DesignTime>
  </Attribute>
  <Attribute
    Name="ModifiedBy"
    Precision="200"
    ColumnName="MODIFIED_BY"
    SQLType="VARCHAR"
    Type="java.lang.String"
    ColumnType="VARCHAR2"
    TableName="AP_INVOICE_OVERSEAS_TABLE">
    <DesignTime>
      <Attr Name="_DisplaySize" Value="200"/>
    </DesignTime>
  </Attribute>
  <Attribute
    Name="SupplierId"
    ColumnName="SUPPLIER_ID"
    SQLType="VARCHAR"
    Type="oracle.jbo.domain.Number"
    ColumnType="VARCHAR2"
    TableName="AP_INVOICE_OVERSEAS_TABLE"
    Precision="400">
    <DesignTime>
      <Attr Name="_DisplaySize" Value="39"/>
    </DesignTime>
  </Attribute>
  <Attribute
    Name="SupplierName"
    Precision="600"
    ColumnName="SUPPLIER_NAME"
    SQLType="VARCHAR"
    Type="java.lang.String"
    ColumnType="VARCHAR2"
    TableName="AP_INVOICE_OVERSEAS_TABLE">
    <DesignTime>
      <Attr Name="_DisplaySize" Value="600"/>
    </DesignTime>
  </Attribute>
  <Attribute
    Name="SupplierNumber"
    ColumnName="SUPPLIER_NUMBER"
    SQLType="VARCHAR"
    Type="java.lang.String"
    ColumnType="VARCHAR2"
    TableName="AP_INVOICE_OVERSEAS_TABLE"
    Precision="255">
    <DesignTime>
      <Attr Name="_DisplaySize" Value="39"/>
    </DesignTime>
  </Attribute>
  <Attribute
    Name="SiteId"
    ColumnName="SITE_ID"
    SQLType="NUMERIC"
    Type="oracle.jbo.domain.Number"
    ColumnType="NUMBER"
    TableName="AP_INVOICE_OVERSEAS_TABLE">
    <DesignTime>
      <Attr Name="_DisplaySize" Value="39"/>
    </DesignTime>
  </Attribute>
  <Attribute
    Name="PoNumber"
    Precision="200"
    ColumnName="PO_NUMBER"
    SQLType="VARCHAR"
    Type="java.lang.String"
    ColumnType="VARCHAR2"
    TableName="AP_INVOICE_OVERSEAS_TABLE">
    <DesignTime>
      <Attr Name="_DisplaySize" Value="200"/>
    </DesignTime>
  </Attribute>
  <Attribute
    Name="TaxAmount"
    ColumnName="TAX_AMOUNT"
    SQLType="NUMERIC"
    Type="oracle.jbo.domain.Number"
    ColumnType="NUMBER"
    TableName="AP_INVOICE_OVERSEAS_TABLE">
    <DesignTime>
      <Attr Name="_DisplaySize" Value="39"/>
    </DesignTime>
  </Attribute>
  <Attribute
    Name="WithholdingTax"
    ColumnName="WITHHOLDING_TAX"
    SQLType="NUMERIC"
    Type="oracle.jbo.domain.Number"
    ColumnType="NUMBER"
    TableName="AP_INVOICE_OVERSEAS_TABLE">
    <DesignTime>
      <Attr Name="_DisplaySize" Value="39"/>
    </DesignTime>
  </Attribute>
  <Attribute
    Name="InvoiceDate"
    ColumnName="INVOICE_DATE"
    SQLType="TIMESTAMP"
    Type="oracle.jbo.domain.Date"
    ColumnType="DATE"
    TableName="AP_INVOICE_OVERSEAS_TABLE">
    <DesignTime>
      <Attr Name="_DisplaySize" Value="7"/>
    </DesignTime>
  </Attribute>
  <Attribute
    Name="CancelledDate"
    ColumnName="CANCELLED_DATE"
    SQLType="TIMESTAMP"
    Type="oracle.jbo.domain.Date"
    ColumnType="DATE"
    TableName="AP_INVOICE_OVERSEAS_TABLE">
    <DesignTime>
      <Attr Name="_DisplaySize" Value="7"/>
    </DesignTime>
  </Attribute>
  <Attribute
    Name="CancelledBy"
    ColumnName="CANCELLED_BY"
    SQLType="NUMERIC"
    Type="oracle.jbo.domain.Number"
    ColumnType="NUMBER"
    TableName="AP_INVOICE_OVERSEAS_TABLE">
    <DesignTime>
      <Attr Name="_DisplaySize" Value="39"/>
    </DesignTime>
  </Attribute>
  <Attribute
    Name="ProjectId"
    ColumnName="PROJECT_ID"
    SQLType="NUMERIC"
    Type="oracle.jbo.domain.Number"
    ColumnType="NUMBER"
    TableName="AP_INVOICE_OVERSEAS_TABLE">
    <DesignTime>
      <Attr Name="_DisplaySize" Value="39"/>
    </DesignTime>
  </Attribute>
  <Attribute
    Name="InternalStatus"
    Precision="200"
    ColumnName="INTERNAL_STATUS"
    SQLType="VARCHAR"
    Type="java.lang.String"
    ColumnType="VARCHAR2"
    TableName="AP_INVOICE_OVERSEAS_TABLE">
    <DesignTime>
      <Attr Name="_DisplaySize" Value="200"/>
    </DesignTime>
  </Attribute>
  <Attribute
    Name="CertifierCancelBy"
    Precision="200"
    ColumnName="CERTIFIER_CANCEL_BY"
    SQLType="VARCHAR"
    Type="java.lang.String"
    ColumnType="VARCHAR2"
    TableName="AP_INVOICE_OVERSEAS_TABLE">
    <DesignTime>
      <Attr Name="_DisplaySize" Value="200"/>
    </DesignTime>
  </Attribute>
  <Attribute
    Name="CertifierCancelOn"
    ColumnName="CERTIFIER_CANCEL_ON"
    SQLType="TIMESTAMP"
    Type="oracle.jbo.domain.Date"
    ColumnType="DATE"
    TableName="AP_INVOICE_OVERSEAS_TABLE">
    <DesignTime>
      <Attr Name="_DisplaySize" Value="7"/>
    </DesignTime>
  </Attribute>
  <Attribute
    Name="AlternateApprover"
    Precision="200"
    ColumnName="ALTERNATE_APPROVER"
    SQLType="VARCHAR"
    Type="java.lang.String"
    ColumnType="VARCHAR2"
    TableName="AP_INVOICE_OVERSEAS_TABLE">
    <DesignTime>
      <Attr Name="_DisplaySize" Value="200"/>
    </DesignTime>
  </Attribute>
  <Attribute
    Name="DocumentType"
    Precision="200"
    ColumnName="DOCUMENT_TYPE"
    SQLType="VARCHAR"
    Type="java.lang.String"
    ColumnType="VARCHAR2"
    TableName="AP_INVOICE_OVERSEAS_TABLE">
    <DesignTime>
      <Attr Name="_DisplaySize" Value="200"/>
    </DesignTime>
  </Attribute>
  <Attribute
    Name="InvoiceType"
    Precision="100"
    ColumnName="INVOICE_TYPE"
    SQLType="VARCHAR"
    Type="java.lang.String"
    ColumnType="VARCHAR2"
    TableName="AP_INVOICE_OVERSEAS_TABLE">
    <DesignTime>
      <Attr Name="_DisplaySize" Value="100"/>
    </DesignTime>
  </Attribute>
  <Attribute
    Name="ImageUrl"
    Precision="500"
    ColumnName="IMAGE_URL"
    SQLType="VARCHAR"
    Type="java.lang.String"
    ColumnType="VARCHAR2"
    TableName="AP_INVOICE_OVERSEAS_TABLE">
    <DesignTime>
      <Attr Name="_DisplaySize" Value="500"/>
    </DesignTime>
  </Attribute>
  <Attribute
    Name="OrgId"
    Precision="200"
    ColumnName="ORG_ID"
    SQLType="VARCHAR"
    Type="java.lang.String"
    ColumnType="VARCHAR2"
    TableName="AP_INVOICE_OVERSEAS_TABLE">
    <DesignTime>
      <Attr Name="_DisplaySize" Value="200"/>
    </DesignTime>
  </Attribute>
  <Attribute
    Name="InvoiceNumber"
    Precision="300"
    ColumnName="INVOICE_NUMBER"
    SQLType="VARCHAR"
    Type="java.lang.String"
    ColumnType="VARCHAR2"
    TableName="AP_INVOICE_OVERSEAS_TABLE">
    <DesignTime>
      <Attr Name="_DisplaySize" Value="300"/>
    </DesignTime>
  </Attribute>
  <Attribute
    Name="SiteName"
    Precision="600"
    ColumnName="SITE_NAME"
    SQLType="VARCHAR"
    Type="java.lang.String"
    ColumnType="VARCHAR2"
    TableName="AP_INVOICE_OVERSEAS_TABLE">
    <DesignTime>
      <Attr Name="_DisplaySize" Value="600"/>
    </DesignTime>
  </Attribute>
  <Attribute
    Name="TaxRegNumber"
    ColumnName="TAX_REG_NUMBER"
    SQLType="NUMERIC"
    Type="java.lang.String"
    ColumnType="VARCHAR2"
    TableName="AP_INVOICE_OVERSEAS_TABLE"
    Precision="400">
    <DesignTime>
      <Attr Name="_DisplaySize" Value="39"/>
    </DesignTime>
  </Attribute>
  <Attribute
    Name="InvoiceTotAmount"
    ColumnName="INVOICE_TOT_AMOUNT"
    SQLType="NUMERIC"
    Type="oracle.jbo.domain.Number"
    ColumnType="NUMBER"
    TableName="AP_INVOICE_OVERSEAS_TABLE">
    <DesignTime>
      <Attr Name="_DisplaySize" Value="39"/>
    </DesignTime>
  </Attribute>
  <Attribute
    Name="CurrencyCode"
    Precision="300"
    ColumnName="CURRENCY_CODE"
    SQLType="VARCHAR"
    Type="java.lang.String"
    ColumnType="VARCHAR2"
    TableName="AP_INVOICE_OVERSEAS_TABLE">
    <DesignTime>
      <Attr Name="_DisplaySize" Value="300"/>
    </DesignTime>
  </Attribute>
  <Attribute
    Name="CertifierName"
    Precision="300"
    ColumnName="CERTIFIER_NAME"
    SQLType="VARCHAR"
    Type="java.lang.String"
    ColumnType="VARCHAR2"
    TableName="AP_INVOICE_OVERSEAS_TABLE">
    <DesignTime>
      <Attr Name="_DisplaySize" Value="300"/>
    </DesignTime>
  </Attribute>
  <Attribute
    Name="EmployeeNumber"
    Precision="200"
    ColumnName="EMPLOYEE_NUMBER"
    SQLType="VARCHAR"
    Type="java.lang.String"
    ColumnType="VARCHAR2"
    TableName="AP_INVOICE_OVERSEAS_TABLE">
    <DesignTime>
      <Attr Name="_DisplaySize" Value="200"/>
    </DesignTime>
  </Attribute>
  <Attribute
    Name="CertifierEmailAdd"
    Precision="200"
    ColumnName="CERTIFIER_EMAIL_ADD"
    SQLType="VARCHAR"
    Type="java.lang.String"
    ColumnType="VARCHAR2"
    TableName="AP_INVOICE_OVERSEAS_TABLE">
    <DesignTime>
      <Attr Name="_DisplaySize" Value="200"/>
    </DesignTime>
  </Attribute>
  <Attribute
    Name="InvalidReason"
    Precision="200"
    ColumnName="INVALID_REASON"
    SQLType="VARCHAR"
    Type="java.lang.String"
    ColumnType="VARCHAR2"
    TableName="AP_INVOICE_OVERSEAS_TABLE">
    <DesignTime>
      <Attr Name="_DisplaySize" Value="200"/>
    </DesignTime>
  </Attribute>
  <Attribute
    Name="InvalidCode"
    Precision="200"
    ColumnName="INVALID_CODE"
    SQLType="VARCHAR"
    Type="java.lang.String"
    ColumnType="VARCHAR2"
    TableName="AP_INVOICE_OVERSEAS_TABLE">
    <DesignTime>
      <Attr Name="_DisplaySize" Value="200"/>
    </DesignTime>
  </Attribute>
  <Attribute
    Name="PoType"
    Precision="100"
    ColumnName="PO_TYPE"
    SQLType="VARCHAR"
    Type="java.lang.String"
    ColumnType="VARCHAR2"
    TableName="AP_INVOICE_OVERSEAS_TABLE">
    <DesignTime>
      <Attr Name="_DisplaySize" Value="100"/>
    </DesignTime>
  </Attribute>
  <Attribute
    Name="InvoicePayload"
    IsQueriable="false"
    ColumnName="INVOICE_PAYLOAD"
    SQLType="CLOB"
    Type="oracle.jbo.domain.ClobDomain"
    ColumnType="CLOB"
    TableName="AP_INVOICE_OVERSEAS_TABLE"/>
  <Attribute
    Name="InvalidReasonId"
    ColumnName="INVALID_REASON_ID"
    SQLType="NUMERIC"
    Type="oracle.jbo.domain.Number"
    ColumnType="NUMBER"
    TableName="AP_INVOICE_OVERSEAS_TABLE">
    <DesignTime>
      <Attr Name="_DisplaySize" Value="39"/>
    </DesignTime>
  </Attribute>
  <Attribute
    Name="InvalidReasonType"
    Precision="200"
    ColumnName="INVALID_REASON_TYPE"
    SQLType="VARCHAR"
    Type="java.lang.String"
    ColumnType="VARCHAR2"
    TableName="AP_INVOICE_OVERSEAS_TABLE">
    <DesignTime>
      <Attr Name="_DisplaySize" Value="200"/>
    </DesignTime>
  </Attribute>
  <Attribute
    Name="InvalidReasonTypeId"
    ColumnName="INVALID_REASON_TYPE_ID"
    SQLType="NUMERIC"
    Type="oracle.jbo.domain.Number"
    ColumnType="NUMBER"
    TableName="AP_INVOICE_OVERSEAS_TABLE">
    <DesignTime>
      <Attr Name="_DisplaySize" Value="39"/>
    </DesignTime>
  </Attribute>
  <Attribute
    Name="DocId"
    Precision="100"
    ColumnName="DOC_ID"
    SQLType="VARCHAR"
    Type="java.lang.String"
    ColumnType="VARCHAR2"
    TableName="AP_INVOICE_OVERSEAS_TABLE">
    <DesignTime>
      <Attr Name="_DisplaySize" Value="100"/>
    </DesignTime>
  </Attribute>
  <Attribute
    Name="Priority"
    ColumnName="PRIORITY"
    SQLType="NUMERIC"
    Type="oracle.jbo.domain.Number"
    ColumnType="NUMBER"
    TableName="AP_INVOICE_OVERSEAS_TABLE">
    <DesignTime>
      <Attr Name="_DisplaySize" Value="39"/>
    </DesignTime>
  </Attribute>
  <Attribute
    Name="Status"
    Precision="100"
    ColumnName="STATUS"
    SQLType="VARCHAR"
    Type="java.lang.String"
    ColumnType="VARCHAR2"
    TableName="AP_INVOICE_OVERSEAS_TABLE">
    <DesignTime>
      <Attr Name="_DisplaySize" Value="100"/>
    </DesignTime>
  </Attribute>
  <Attribute
    Name="ApOperationComments"
    Precision="4000"
    ColumnName="AP_OPERATION_COMMENTS"
    SQLType="VARCHAR"
    Type="java.lang.String"
    ColumnType="VARCHAR2"
    TableName="AP_INVOICE_OVERSEAS_TABLE">
    <DesignTime>
      <Attr Name="_DisplaySize" Value="4000"/>
    </DesignTime>
  </Attribute>
  <Attribute
    Name="CertifierRejReason"
    Precision="200"
    ColumnName="CERTIFIER_REJ_REASON"
    SQLType="VARCHAR"
    Type="java.lang.String"
    ColumnType="VARCHAR2"
    TableName="AP_INVOICE_OVERSEAS_TABLE">
    <DesignTime>
      <Attr Name="_DisplaySize" Value="200"/>
    </DesignTime>
  </Attribute>
  <Attribute
    Name="CertifierRejComments"
    Precision="4000"
    ColumnName="CERTIFIER_REJ_COMMENTS"
    SQLType="VARCHAR"
    Type="java.lang.String"
    ColumnType="VARCHAR2"
    TableName="AP_INVOICE_OVERSEAS_TABLE">
    <DesignTime>
      <Attr Name="_DisplaySize" Value="4000"/>
    </DesignTime>
  </Attribute>
  <Attribute
    Name="CertifierReassignTo"
    Precision="100"
    ColumnName="CERTIFIER_REASSIGN_TO"
    SQLType="VARCHAR"
    Type="java.lang.String"
    ColumnType="VARCHAR2"
    TableName="AP_INVOICE_OVERSEAS_TABLE">
    <DesignTime>
      <Attr Name="_DisplaySize" Value="100"/>
    </DesignTime>
  </Attribute>
  <Attribute
    Name="CertifierReassignComments"
    Precision="4000"
    ColumnName="CERTIFIER_REASSIGN_COMMENTS"
    SQLType="VARCHAR"
    Type="java.lang.String"
    ColumnType="VARCHAR2"
    TableName="AP_INVOICE_OVERSEAS_TABLE">
    <DesignTime>
      <Attr Name="_DisplaySize" Value="4000"/>
    </DesignTime>
  </Attribute>
  <Attribute
    Name="CertifierApproveComments"
    Precision="4000"
    ColumnName="CERTIFIER_APPROVE_COMMENTS"
    SQLType="VARCHAR"
    Type="java.lang.String"
    ColumnType="VARCHAR2"
    TableName="AP_INVOICE_OVERSEAS_TABLE">
    <DesignTime>
      <Attr Name="_DisplaySize" Value="4000"/>
    </DesignTime>
  </Attribute>
  <Attribute
    Name="CertifierBy"
    ColumnName="CERTIFIER_BY"
    SQLType="NUMERIC"
    Type="oracle.jbo.domain.Number"
    ColumnType="NUMBER"
    TableName="AP_INVOICE_OVERSEAS_TABLE">
    <DesignTime>
      <Attr Name="_DisplaySize" Value="39"/>
    </DesignTime>
  </Attribute>
  <Attribute
    Name="Attr1"
    Precision="200"
    ColumnName="ATTR1"
    SQLType="VARCHAR"
    Type="java.lang.String"
    ColumnType="VARCHAR2"
    TableName="AP_INVOICE_OVERSEAS_TABLE">
    <DesignTime>
      <Attr Name="_DisplaySize" Value="200"/>
    </DesignTime>
  </Attribute>
  <Attribute
    Name="Attr2"
    Precision="200"
    ColumnName="ATTR2"
    SQLType="VARCHAR"
    Type="java.lang.String"
    ColumnType="VARCHAR2"
    TableName="AP_INVOICE_OVERSEAS_TABLE">
    <DesignTime>
      <Attr Name="_DisplaySize" Value="200"/>
    </DesignTime>
  </Attribute>
  <Attribute
    Name="Attr3"
    Precision="200"
    ColumnName="ATTR3"
    SQLType="VARCHAR"
    Type="java.lang.String"
    ColumnType="VARCHAR2"
    TableName="AP_INVOICE_OVERSEAS_TABLE">
    <DesignTime>
      <Attr Name="_DisplaySize" Value="200"/>
    </DesignTime>
  </Attribute>
  <Attribute
    Name="Attr4"
    Precision="200"
    ColumnName="ATTR4"
    SQLType="VARCHAR"
    Type="java.lang.String"
    ColumnType="VARCHAR2"
    TableName="AP_INVOICE_OVERSEAS_TABLE">
    <DesignTime>
      <Attr Name="_DisplaySize" Value="200"/>
    </DesignTime>
  </Attribute>
  <Attribute
    Name="Attr5"
    Precision="200"
    ColumnName="ATTR5"
    SQLType="VARCHAR"
    Type="java.lang.String"
    ColumnType="VARCHAR2"
    TableName="AP_INVOICE_OVERSEAS_TABLE">
    <DesignTime>
      <Attr Name="_DisplaySize" Value="200"/>
    </DesignTime>
  </Attribute>
  <Attribute
    Name="Attr6"
    Precision="400"
    ColumnName="ATTR6"
    SQLType="VARCHAR"
    Type="java.lang.String"
    ColumnType="VARCHAR2"
    TableName="AP_INVOICE_OVERSEAS_TABLE">
    <DesignTime>
      <Attr Name="_DisplaySize" Value="400"/>
    </DesignTime>
  </Attribute>
  <Attribute
    Name="Attr7"
    Precision="400"
    ColumnName="ATTR7"
    SQLType="VARCHAR"
    Type="java.lang.String"
    ColumnType="VARCHAR2"
    TableName="AP_INVOICE_OVERSEAS_TABLE">
    <DesignTime>
      <Attr Name="_DisplaySize" Value="400"/>
    </DesignTime>
  </Attribute>
  <Attribute
    Name="Attr8"
    Precision="400"
    ColumnName="ATTR8"
    SQLType="VARCHAR"
    Type="java.lang.String"
    ColumnType="VARCHAR2"
    TableName="AP_INVOICE_OVERSEAS_TABLE">
    <DesignTime>
      <Attr Name="_DisplaySize" Value="400"/>
    </DesignTime>
  </Attribute>
  <Attribute
    Name="Attr9"
    Precision="400"
    ColumnName="ATTR9"
    SQLType="VARCHAR"
    Type="java.lang.String"
    ColumnType="VARCHAR2"
    TableName="AP_INVOICE_OVERSEAS_TABLE">
    <DesignTime>
      <Attr Name="_DisplaySize" Value="400"/>
    </DesignTime>
  </Attribute>
  <Attribute
    Name="Attr10"
    Precision="400"
    ColumnName="ATTR10"
    SQLType="VARCHAR"
    Type="java.lang.String"
    ColumnType="VARCHAR2"
    TableName="AP_INVOICE_OVERSEAS_TABLE">
    <DesignTime>
      <Attr Name="_DisplaySize" Value="400"/>
    </DesignTime>
  </Attribute>
  <Attribute
    Name="Attr11"
    Precision="400"
    ColumnName="ATTR11"
    SQLType="VARCHAR"
    Type="java.lang.String"
    ColumnType="VARCHAR2"
    TableName="AP_INVOICE_OVERSEAS_TABLE">
    <DesignTime>
      <Attr Name="_DisplaySize" Value="400"/>
    </DesignTime>
  </Attribute>
  <Attribute
    Name="Attr12"
    Precision="400"
    ColumnName="ATTR12"
    SQLType="VARCHAR"
    Type="java.lang.String"
    ColumnType="VARCHAR2"
    TableName="AP_INVOICE_OVERSEAS_TABLE">
    <DesignTime>
      <Attr Name="_DisplaySize" Value="400"/>
    </DesignTime>
  </Attribute>
  <Attribute
    Name="Attr13"
    Precision="400"
    ColumnName="ATTR13"
    SQLType="VARCHAR"
    Type="java.lang.String"
    ColumnType="VARCHAR2"
    TableName="AP_INVOICE_OVERSEAS_TABLE">
    <DesignTime>
      <Attr Name="_DisplaySize" Value="400"/>
    </DesignTime>
  </Attribute>
  <Attribute
    Name="Attr14"
    Precision="400"
    ColumnName="ATTR14"
    SQLType="VARCHAR"
    Type="java.lang.String"
    ColumnType="VARCHAR2"
    TableName="AP_INVOICE_OVERSEAS_TABLE">
    <DesignTime>
      <Attr Name="_DisplaySize" Value="400"/>
    </DesignTime>
  </Attribute>
  <Attribute
    Name="Attr15"
    Precision="400"
    ColumnName="ATTR15"
    SQLType="VARCHAR"
    Type="java.lang.String"
    ColumnType="VARCHAR2"
    TableName="AP_INVOICE_OVERSEAS_TABLE">
    <DesignTime>
      <Attr Name="_DisplaySize" Value="400"/>
    </DesignTime>
  </Attribute>
  <Attribute
    Name="Attr16"
    Precision="400"
    ColumnName="ATTR16"
    SQLType="VARCHAR"
    Type="java.lang.String"
    ColumnType="VARCHAR2"
    TableName="AP_INVOICE_OVERSEAS_TABLE">
    <DesignTime>
      <Attr Name="_DisplaySize" Value="400"/>
    </DesignTime>
  </Attribute>
  <Attribute
    Name="Attr17"
    Precision="400"
    ColumnName="ATTR17"
    SQLType="VARCHAR"
    Type="java.lang.String"
    ColumnType="VARCHAR2"
    TableName="AP_INVOICE_OVERSEAS_TABLE">
    <DesignTime>
      <Attr Name="_DisplaySize" Value="400"/>
    </DesignTime>
  </Attribute>
  <Attribute
    Name="Attr18"
    Precision="400"
    ColumnName="ATTR18"
    SQLType="VARCHAR"
    Type="java.lang.String"
    ColumnType="VARCHAR2"
    TableName="AP_INVOICE_OVERSEAS_TABLE">
    <DesignTime>
      <Attr Name="_DisplaySize" Value="400"/>
    </DesignTime>
  </Attribute>
  <Attribute
    Name="Attr19"
    Precision="400"
    ColumnName="ATTR19"
    SQLType="VARCHAR"
    Type="java.lang.String"
    ColumnType="VARCHAR2"
    TableName="AP_INVOICE_OVERSEAS_TABLE">
    <DesignTime>
      <Attr Name="_DisplaySize" Value="400"/>
    </DesignTime>
  </Attribute>
  <Attribute
    Name="Attr20"
    Precision="400"
    ColumnName="ATTR20"
    SQLType="VARCHAR"
    Type="java.lang.String"
    ColumnType="VARCHAR2"
    TableName="AP_INVOICE_OVERSEAS_TABLE">
    <DesignTime>
      <Attr Name="_DisplaySize" Value="400"/>
    </DesignTime>
  </Attribute>
  <Attribute
    Name="AlternateApprvrNo"
    Precision="200"
    ColumnName="ALTERNATE_APPRVR_NO"
    SQLType="VARCHAR"
    Type="java.lang.String"
    ColumnType="VARCHAR2"
    TableName="AP_INVOICE_OVERSEAS_TABLE">
    <DesignTime>
      <Attr Name="_DisplaySize" Value="200"/>
    </DesignTime>
  </Attribute>
  <Attribute
    Name="OriginalFilename"
    Precision="255"
    ColumnName="ORIGINAL_FILENAME"
    SQLType="VARCHAR"
    Type="java.lang.String"
    ColumnType="VARCHAR2"
    TableName="AP_INVOICE_OVERSEAS_TABLE">
    <DesignTime>
      <Attr Name="_DisplaySize" Value="255"/>
    </DesignTime>
  </Attribute>
  <Attribute
    Name="ElectRemittance"
    Precision="240"
    ColumnName="ELECT_REMITTANCE"
    SQLType="VARCHAR"
    Type="java.lang.String"
    ColumnType="VARCHAR2"
    TableName="AP_INVOICE_OVERSEAS_TABLE">
    <DesignTime>
      <Attr Name="_DisplaySize" Value="240"/>
    </DesignTime>
  </Attribute>
  <Key
    Name="ApInvoiceOverseasTablePk"
    PrimaryKey="true">
    <DesignTime>
      <Attr Name="_DBObjectName" Value="AP_INVOICE_OVERSEAS_TABLE_PK"/>
    </DesignTime>
    <AttrArray Name="Attributes">
      <Item
        Value="qantas.com.au.overseas.model.ApInvoiceOverseasTableEO.InvoiceId"/>
      <Item
        Value="qantas.com.au.overseas.model.ApInvoiceOverseasTableEO.UserId"/>
    </AttrArray>
  </Key>
  <Key
    Name="SysC0043772">
    <DesignTime>
      <Attr Name="_DBObjectName" Value="SYS_C0043772"/>
      <Attr Name="_checkCondition" Value='"USER_ID" IS NOT NULL'/>
      <Attr Name="_isCheck" Value="true"/>
    </DesignTime>
    <AttrArray Name="Attributes">
      <Item
        Value="qantas.com.au.overseas.model.ApInvoiceOverseasTableEO.UserId"/>
    </AttrArray>
  </Key>
  <Key
    Name="SysC0043773">
    <DesignTime>
      <Attr Name="_DBObjectName" Value="SYS_C0043773"/>
      <Attr Name="_checkCondition" Value='"INVOICE_ID" IS NOT NULL'/>
      <Attr Name="_isCheck" Value="true"/>
    </DesignTime>
    <AttrArray Name="Attributes">
      <Item
        Value="qantas.com.au.overseas.model.ApInvoiceOverseasTableEO.InvoiceId"/>
    </AttrArray>
  </Key>
</Entity>
