<?xml version="1.0" encoding="windows-1252" ?>
<!DOCTYPE Entity SYSTEM "jbo_03_01.dtd">
<!---->
<Entity
  xmlns="http://xmlns.oracle.com/bc4j"
  Name="ApOverseasLineitemTableEO"
  Version="11.1.1.64.93"
  InheritPersonalization="true"
  DBObjectType="table"
  DBObjectName="AP_OVERSEAS_LINEITEM_TABLE"
  AliasName="ApOverseasLineitemTableEO"
  BindingStyle="OracleName"
  UseGlueCode="false">
  <DesignTime>
    <Attr Name="_codeGenFlag2" Value="Access"/>
    <AttrArray Name="_publishEvents"/>
  </DesignTime>
  <Attribute
    Name="UserId"
    Precision="100"
    ColumnName="USER_ID"
    SQLType="VARCHAR"
    Type="java.lang.String"
    ColumnType="VARCHAR2"
    TableName="AP_OVERSEAS_LINEITEM_TABLE">
    <DesignTime>
      <Attr Name="_DisplaySize" Value="100"/>
    </DesignTime>
  </Attribute>
  <Attribute
    Name="InvoiceId"
    Precision="15"
    Scale="0"
    ColumnName="INVOICE_ID"
    SQLType="NUMERIC"
    Type="oracle.jbo.domain.Number"
    ColumnType="NUMBER"
    TableName="AP_OVERSEAS_LINEITEM_TABLE">
    <DesignTime>
      <Attr Name="_DisplaySize" Value="16"/>
    </DesignTime>
  </Attribute>
  <Attribute
    Name="LineNumber"
    Precision="15"
    Scale="0"
    ColumnName="LINE_NUMBER"
    SQLType="NUMERIC"
    Type="oracle.jbo.domain.Number"
    ColumnType="NUMBER"
    TableName="AP_OVERSEAS_LINEITEM_TABLE">
    <DesignTime>
      <Attr Name="_DisplaySize" Value="16"/>
    </DesignTime>
  </Attribute>
  <Attribute
    Name="LineType"
    Precision="100"
    ColumnName="LINE_TYPE"
    SQLType="VARCHAR"
    Type="java.lang.String"
    ColumnType="VARCHAR2"
    TableName="AP_OVERSEAS_LINEITEM_TABLE">
    <DesignTime>
      <Attr Name="_DisplaySize" Value="100"/>
    </DesignTime>
  </Attribute>
  <Attribute
    Name="LinePoNum"
    Precision="100"
    ColumnName="LINE_PO_NUM"
    SQLType="VARCHAR"
    Type="java.lang.String"
    ColumnType="VARCHAR2"
    TableName="AP_OVERSEAS_LINEITEM_TABLE">
    <DesignTime>
      <Attr Name="_DisplaySize" Value="100"/>
    </DesignTime>
  </Attribute>
  <Attribute
    Name="PoLineNum"
    Precision="100"
    ColumnName="PO_LINE_NUM"
    SQLType="VARCHAR"
    Type="java.lang.String"
    ColumnType="VARCHAR2"
    TableName="AP_OVERSEAS_LINEITEM_TABLE">
    <DesignTime>
      <Attr Name="_DisplaySize" Value="100"/>
    </DesignTime>
  </Attribute>
  <Attribute
    Name="LineDescription"
    Precision="300"
    ColumnName="LINE_DESCRIPTION"
    SQLType="VARCHAR"
    Type="java.lang.String"
    ColumnType="VARCHAR2"
    TableName="AP_OVERSEAS_LINEITEM_TABLE">
    <DesignTime>
      <Attr Name="_DisplaySize" Value="300"/>
    </DesignTime>
  </Attribute>
  <Attribute
    Name="Quantity"
    ColumnName="QUANTITY"
    SQLType="NUMERIC"
    Type="oracle.jbo.domain.Number"
    ColumnType="NUMBER"
    TableName="AP_OVERSEAS_LINEITEM_TABLE">
    <DesignTime>
      <Attr Name="_DisplaySize" Value="39"/>
    </DesignTime>
  </Attribute>
  <Attribute
    Name="Uom"
    Precision="100"
    ColumnName="UOM"
    SQLType="VARCHAR"
    Type="java.lang.String"
    ColumnType="VARCHAR2"
    TableName="AP_OVERSEAS_LINEITEM_TABLE">
    <DesignTime>
      <Attr Name="_DisplaySize" Value="100"/>
    </DesignTime>
  </Attribute>
  <Attribute
    Name="UnitPrice"
    ColumnName="UNIT_PRICE"
    SQLType="NUMERIC"
    Type="oracle.jbo.domain.Number"
    ColumnType="NUMBER"
    TableName="AP_OVERSEAS_LINEITEM_TABLE">
    <DesignTime>
      <Attr Name="_DisplaySize" Value="39"/>
    </DesignTime>
  </Attribute>
  <Attribute
    Name="LineTotalAmount"
    ColumnName="LINE_TOTAL_AMOUNT"
    SQLType="NUMERIC"
    Type="oracle.jbo.domain.Number"
    ColumnType="NUMBER"
    TableName="AP_OVERSEAS_LINEITEM_TABLE">
    <DesignTime>
      <Attr Name="_DisplaySize" Value="39"/>
    </DesignTime>
  </Attribute>
  <Attribute
    Name="TaxRate"
    ColumnName="TAX_RATE"
    SQLType="NUMERIC"
    Type="oracle.jbo.domain.Number"
    ColumnType="NUMBER"
    TableName="AP_OVERSEAS_LINEITEM_TABLE">
    <DesignTime>
      <Attr Name="_DisplaySize" Value="39"/>
    </DesignTime>
  </Attribute>
  <Attribute
    Name="TaxRateCode"
    Precision="100"
    ColumnName="TAX_RATE_CODE"
    SQLType="VARCHAR"
    Type="java.lang.String"
    ColumnType="VARCHAR2"
    TableName="AP_OVERSEAS_LINEITEM_TABLE">
    <DesignTime>
      <Attr Name="_DisplaySize" Value="100"/>
    </DesignTime>
  </Attribute>
  <Attribute
    Name="ProjectNo"
    Precision="100"
    ColumnName="PROJECT_NO"
    SQLType="VARCHAR"
    Type="java.lang.String"
    ColumnType="VARCHAR2"
    TableName="AP_OVERSEAS_LINEITEM_TABLE">
    <DesignTime>
      <Attr Name="_DisplaySize" Value="100"/>
    </DesignTime>
  </Attribute>
  <Attribute
    Name="TaskNo"
    Precision="100"
    ColumnName="TASK_NO"
    SQLType="VARCHAR"
    Type="java.lang.String"
    ColumnType="VARCHAR2"
    TableName="AP_OVERSEAS_LINEITEM_TABLE">
    <DesignTime>
      <Attr Name="_DisplaySize" Value="100"/>
    </DesignTime>
  </Attribute>
  <Attribute
    Name="ExpinditureOrg"
    Precision="100"
    ColumnName="EXPINDITURE_ORG"
    SQLType="VARCHAR"
    Type="java.lang.String"
    ColumnType="VARCHAR2"
    TableName="AP_OVERSEAS_LINEITEM_TABLE">
    <DesignTime>
      <Attr Name="_DisplaySize" Value="100"/>
    </DesignTime>
  </Attribute>
  <Attribute
    Name="ExpenditureDate"
    ColumnName="EXPENDITURE_DATE"
    SQLType="TIMESTAMP"
    Type="oracle.jbo.domain.Date"
    ColumnType="DATE"
    TableName="AP_OVERSEAS_LINEITEM_TABLE">
    <DesignTime>
      <Attr Name="_DisplaySize" Value="7"/>
    </DesignTime>
  </Attribute>
  <Attribute
    Name="GlNo"
    Precision="100"
    ColumnName="GL_NO"
    SQLType="VARCHAR"
    Type="java.lang.String"
    ColumnType="VARCHAR2"
    TableName="AP_OVERSEAS_LINEITEM_TABLE">
    <DesignTime>
      <Attr Name="_DisplaySize" Value="100"/>
    </DesignTime>
  </Attribute>
  <Attribute
    Name="TaxAmountLineitem"
    Precision="100"
    ColumnName="TAX_AMOUNT_LINEITEM"
    SQLType="VARCHAR"
    Type="java.lang.String"
    ColumnType="VARCHAR2"
    TableName="AP_OVERSEAS_LINEITEM_TABLE">
    <DesignTime>
      <Attr Name="_DisplaySize" Value="100"/>
    </DesignTime>
  </Attribute>
  <Attribute
    Name="Attr2"
    Precision="100"
    ColumnName="ATTR2"
    SQLType="VARCHAR"
    Type="java.lang.String"
    ColumnType="VARCHAR2"
    TableName="AP_OVERSEAS_LINEITEM_TABLE">
    <DesignTime>
      <Attr Name="_DisplaySize" Value="100"/>
    </DesignTime>
  </Attribute>
  <Attribute
    Name="Attr3"
    Precision="100"
    ColumnName="ATTR3"
    SQLType="VARCHAR"
    Type="java.lang.String"
    ColumnType="VARCHAR2"
    TableName="AP_OVERSEAS_LINEITEM_TABLE">
    <DesignTime>
      <Attr Name="_DisplaySize" Value="100"/>
    </DesignTime>
  </Attribute>
  <Attribute
    Name="Attr4"
    Precision="100"
    ColumnName="ATTR4"
    SQLType="VARCHAR"
    Type="java.lang.String"
    ColumnType="VARCHAR2"
    TableName="AP_OVERSEAS_LINEITEM_TABLE">
    <DesignTime>
      <Attr Name="_DisplaySize" Value="100"/>
    </DesignTime>
  </Attribute>
  <Attribute
    Name="Attr5"
    Precision="100"
    ColumnName="ATTR5"
    SQLType="VARCHAR"
    Type="java.lang.String"
    ColumnType="VARCHAR2"
    TableName="AP_OVERSEAS_LINEITEM_TABLE">
    <DesignTime>
      <Attr Name="_DisplaySize" Value="100"/>
    </DesignTime>
  </Attribute>
  <Attribute
    Name="Attr6"
    Precision="100"
    ColumnName="ATTR6"
    SQLType="VARCHAR"
    Type="java.lang.String"
    ColumnType="VARCHAR2"
    TableName="AP_OVERSEAS_LINEITEM_TABLE">
    <DesignTime>
      <Attr Name="_DisplaySize" Value="100"/>
    </DesignTime>
  </Attribute>
  <Attribute
    Name="Attr7"
    Precision="200"
    ColumnName="ATTR7"
    SQLType="VARCHAR"
    Type="java.lang.String"
    ColumnType="VARCHAR2"
    TableName="AP_OVERSEAS_LINEITEM_TABLE">
    <DesignTime>
      <Attr Name="_DisplaySize" Value="200"/>
    </DesignTime>
  </Attribute>
  <Attribute
    Name="Attr8"
    Precision="200"
    ColumnName="ATTR8"
    SQLType="VARCHAR"
    Type="java.lang.String"
    ColumnType="VARCHAR2"
    TableName="AP_OVERSEAS_LINEITEM_TABLE">
    <DesignTime>
      <Attr Name="_DisplaySize" Value="200"/>
    </DesignTime>
  </Attribute>
  <Attribute
    Name="Attr9"
    IsNotNull="true"
    Precision="200"
    ColumnName="ATTR9"
    SQLType="VARCHAR"
    Type="java.lang.String"
    ColumnType="VARCHAR2"
    TableName="AP_OVERSEAS_LINEITEM_TABLE"
    PrimaryKey="true">
    <DesignTime>
      <Attr Name="_DisplaySize" Value="200"/>
    </DesignTime>
  </Attribute>
  <Attribute
    Name="Attr10"
    Precision="200"
    ColumnName="ATTR10"
    SQLType="VARCHAR"
    Type="java.lang.String"
    ColumnType="VARCHAR2"
    TableName="AP_OVERSEAS_LINEITEM_TABLE">
    <DesignTime>
      <Attr Name="_DisplaySize" Value="200"/>
    </DesignTime>
  </Attribute>
  <Attribute
    Name="Attr11"
    Precision="250"
    ColumnName="ATTR11"
    SQLType="VARCHAR"
    Type="java.lang.String"
    ColumnType="VARCHAR2"
    TableName="AP_OVERSEAS_LINEITEM_TABLE">
    <DesignTime>
      <Attr Name="_DisplaySize" Value="250"/>
    </DesignTime>
  </Attribute>
  <Attribute
    Name="ProjectidLine"
    Precision="250"
    ColumnName="PROJECTID_LINE"
    SQLType="VARCHAR"
    Type="java.lang.String"
    ColumnType="VARCHAR2"
    TableName="AP_OVERSEAS_LINEITEM_TABLE">
    <DesignTime>
      <Attr Name="_DisplaySize" Value="250"/>
    </DesignTime>
  </Attribute>
  <Attribute
    Name="TaskidLine"
    Precision="250"
    ColumnName="TASKID_LINE"
    SQLType="VARCHAR"
    Type="java.lang.String"
    ColumnType="VARCHAR2"
    TableName="AP_OVERSEAS_LINEITEM_TABLE">
    <DesignTime>
      <Attr Name="_DisplaySize" Value="250"/>
    </DesignTime>
  </Attribute>
  <Attribute
    Name="RecCode"
    Precision="255"
    ColumnName="REC_CODE"
    SQLType="VARCHAR"
    Type="java.lang.String"
    ColumnType="VARCHAR2"
    TableName="AP_OVERSEAS_LINEITEM_TABLE">
    <DesignTime>
      <Attr Name="_DisplaySize" Value="255"/>
    </DesignTime>
  </Attribute>
  <Key
    Name="ApOverseasLineitemTablePk"
    PrimaryKey="true">
    <DesignTime>
      <Attr Name="_DBObjectName" Value="AP_OVERSEAS_LINEITEM_TABLE_PK"/>
    </DesignTime>
    <AttrArray Name="Attributes">
      <Item
        Value="qantas.com.au.overseas.model.ApOverseasLineitemTableEO.Attr9"/>
    </AttrArray>
  </Key>
</Entity>
