<?xml version="1.0" encoding="windows-1252" ?>
<!DOCTYPE Entity SYSTEM "jbo_03_01.dtd">
<!---->
<Entity
  xmlns="http://xmlns.oracle.com/bc4j"
  Name="ApOverseasTemplateTableEO"
  Version="11.1.1.64.93"
  InheritPersonalization="true"
  DBObjectType="table"
  DBObjectName="AP_OVERSEAS_TEMPLATE_TABLE"
  AliasName="ApOverseasTemplateTableEO"
  BindingStyle="OracleName"
  UseGlueCode="false">
  <DesignTime>
    <Attr Name="_codeGenFlag2" Value="Access"/>
    <AttrArray Name="_publishEvents"/>
  </DesignTime>
  <Attribute
    Name="UserId"
    IsNotNull="true"
    ColumnName="USER_ID"
    SQLType="NUMERIC"
    Type="oracle.jbo.domain.Number"
    ColumnType="NUMBER"
    TableName="AP_OVERSEAS_TEMPLATE_TABLE"
    PrimaryKey="true">
    <DesignTime>
      <Attr Name="_DisplaySize" Value="39"/>
    </DesignTime>
  </Attribute>
  <Attribute
    Name="TemplateId"
    IsNotNull="true"
    Precision="15"
    Scale="0"
    ColumnName="TEMPLATE_ID"
    SQLType="NUMERIC"
    Type="oracle.jbo.domain.Number"
    ColumnType="NUMBER"
    TableName="AP_OVERSEAS_TEMPLATE_TABLE"
    PrimaryKey="true">
    <DesignTime>
      <Attr Name="_DisplaySize" Value="16"/>
    </DesignTime>
  </Attribute>
  <Attribute
    Name="InvoiceId"
    Precision="15"
    Scale="0"
    ColumnName="INVOICE_ID"
    SQLType="NUMERIC"
    Type="oracle.jbo.domain.Number"
    ColumnType="NUMBER"
    TableName="AP_OVERSEAS_TEMPLATE_TABLE">
    <DesignTime>
      <Attr Name="_DisplaySize" Value="16"/>
    </DesignTime>
  </Attribute>
  <Attribute
    Name="ModifiedOn"
    ColumnName="MODIFIED_ON"
    SQLType="TIMESTAMP"
    Type="oracle.jbo.domain.Date"
    ColumnType="DATE"
    TableName="AP_OVERSEAS_TEMPLATE_TABLE">
    <DesignTime>
      <Attr Name="_DisplaySize" Value="7"/>
    </DesignTime>
  </Attribute>
  <Attribute
    Name="TemplateName"
    Precision="200"
    ColumnName="TEMPLATE_NAME"
    SQLType="VARCHAR"
    Type="java.lang.String"
    ColumnType="VARCHAR2"
    TableName="AP_OVERSEAS_TEMPLATE_TABLE">
    <DesignTime>
      <Attr Name="_DisplaySize" Value="200"/>
    </DesignTime>
  </Attribute>
  <Attribute
    Name="DocumentType"
    Precision="200"
    ColumnName="DOCUMENT_TYPE"
    SQLType="VARCHAR"
    Type="java.lang.String"
    ColumnType="VARCHAR2"
    TableName="AP_OVERSEAS_TEMPLATE_TABLE">
    <DesignTime>
      <Attr Name="_DisplaySize" Value="200"/>
    </DesignTime>
  </Attribute>
  <Attribute
    Name="InvoiceType"
    Precision="100"
    ColumnName="INVOICE_TYPE"
    SQLType="VARCHAR"
    Type="java.lang.String"
    ColumnType="VARCHAR2"
    TableName="AP_OVERSEAS_TEMPLATE_TABLE">
    <DesignTime>
      <Attr Name="_DisplaySize" Value="100"/>
    </DesignTime>
  </Attribute>
  <Attribute
    Name="ModifiedBy"
    Precision="200"
    ColumnName="MODIFIED_BY"
    SQLType="VARCHAR"
    Type="java.lang.String"
    ColumnType="VARCHAR2"
    TableName="AP_OVERSEAS_TEMPLATE_TABLE">
    <DesignTime>
      <Attr Name="_DisplaySize" Value="200"/>
    </DesignTime>
  </Attribute>
  <Attribute
    Name="SupplierName"
    Precision="600"
    ColumnName="SUPPLIER_NAME"
    SQLType="VARCHAR"
    Type="java.lang.String"
    ColumnType="VARCHAR2"
    TableName="AP_OVERSEAS_TEMPLATE_TABLE">
    <DesignTime>
      <Attr Name="_DisplaySize" Value="600"/>
    </DesignTime>
  </Attribute>
  <Attribute
    Name="SupplierNumber"
    ColumnName="SUPPLIER_NUMBER"
    SQLType="NUMERIC"
    Type="oracle.jbo.domain.Number"
    ColumnType="NUMBER"
    TableName="AP_OVERSEAS_TEMPLATE_TABLE">
    <DesignTime>
      <Attr Name="_DisplaySize" Value="39"/>
    </DesignTime>
  </Attribute>
  <Attribute
    Name="SiteId"
    ColumnName="SITE_ID"
    SQLType="NUMERIC"
    Type="oracle.jbo.domain.Number"
    ColumnType="NUMBER"
    TableName="AP_OVERSEAS_TEMPLATE_TABLE">
    <DesignTime>
      <Attr Name="_DisplaySize" Value="39"/>
    </DesignTime>
  </Attribute>
  <Attribute
    Name="OrgId"
    Precision="200"
    ColumnName="ORG_ID"
    SQLType="VARCHAR"
    Type="java.lang.String"
    ColumnType="VARCHAR2"
    TableName="AP_OVERSEAS_TEMPLATE_TABLE">
    <DesignTime>
      <Attr Name="_DisplaySize" Value="200"/>
    </DesignTime>
  </Attribute>
  <Attribute
    Name="OperatingUnit"
    Precision="200"
    ColumnName="OPERATING_UNIT"
    SQLType="VARCHAR"
    Type="java.lang.String"
    ColumnType="VARCHAR2"
    TableName="AP_OVERSEAS_TEMPLATE_TABLE">
    <DesignTime>
      <Attr Name="_DisplaySize" Value="200"/>
    </DesignTime>
  </Attribute>
  <Attribute
    Name="InvoiceNumber"
    Precision="300"
    ColumnName="INVOICE_NUMBER"
    SQLType="VARCHAR"
    Type="java.lang.String"
    ColumnType="VARCHAR2"
    TableName="AP_OVERSEAS_TEMPLATE_TABLE">
    <DesignTime>
      <Attr Name="_DisplaySize" Value="300"/>
    </DesignTime>
  </Attribute>
  <Attribute
    Name="TaxRegNumber"
    ColumnName="TAX_REG_NUMBER"
    SQLType="VARCHAR"
    Type="java.lang.String"
    ColumnType="VARCHAR2"
    TableName="AP_OVERSEAS_TEMPLATE_TABLE"
    Precision="255">
    <DesignTime>
      <Attr Name="_DisplaySize" Value="39"/>
    </DesignTime>
  </Attribute>
  <Attribute
    Name="SiteName"
    Precision="600"
    ColumnName="SITE_NAME"
    SQLType="VARCHAR"
    Type="java.lang.String"
    ColumnType="VARCHAR2"
    TableName="AP_OVERSEAS_TEMPLATE_TABLE">
    <DesignTime>
      <Attr Name="_DisplaySize" Value="600"/>
    </DesignTime>
  </Attribute>
  <Attribute
    Name="Attr1"
    Precision="200"
    ColumnName="ATTR1"
    SQLType="VARCHAR"
    Type="java.lang.String"
    ColumnType="VARCHAR2"
    TableName="AP_OVERSEAS_TEMPLATE_TABLE">
    <DesignTime>
      <Attr Name="_DisplaySize" Value="200"/>
    </DesignTime>
  </Attribute>
  <Attribute
    Name="Attr2"
    Precision="200"
    ColumnName="ATTR2"
    SQLType="VARCHAR"
    Type="java.lang.String"
    ColumnType="VARCHAR2"
    TableName="AP_OVERSEAS_TEMPLATE_TABLE">
    <DesignTime>
      <Attr Name="_DisplaySize" Value="200"/>
    </DesignTime>
  </Attribute>
  <Attribute
    Name="Attr3"
    Precision="200"
    ColumnName="ATTR3"
    SQLType="VARCHAR"
    Type="java.lang.String"
    ColumnType="VARCHAR2"
    TableName="AP_OVERSEAS_TEMPLATE_TABLE">
    <DesignTime>
      <Attr Name="_DisplaySize" Value="200"/>
    </DesignTime>
  </Attribute>
  <Attribute
    Name="Attr4"
    Precision="200"
    ColumnName="ATTR4"
    SQLType="VARCHAR"
    Type="java.lang.String"
    ColumnType="VARCHAR2"
    TableName="AP_OVERSEAS_TEMPLATE_TABLE">
    <DesignTime>
      <Attr Name="_DisplaySize" Value="200"/>
    </DesignTime>
  </Attribute>
  <Attribute
    Name="Attr5"
    Precision="200"
    ColumnName="ATTR5"
    SQLType="VARCHAR"
    Type="java.lang.String"
    ColumnType="VARCHAR2"
    TableName="AP_OVERSEAS_TEMPLATE_TABLE">
    <DesignTime>
      <Attr Name="_DisplaySize" Value="200"/>
    </DesignTime>
  </Attribute>
  <Attribute
    Name="Attr6"
    Precision="400"
    ColumnName="ATTR6"
    SQLType="VARCHAR"
    Type="java.lang.String"
    ColumnType="VARCHAR2"
    TableName="AP_OVERSEAS_TEMPLATE_TABLE">
    <DesignTime>
      <Attr Name="_DisplaySize" Value="400"/>
    </DesignTime>
  </Attribute>
  <Attribute
    Name="Attr7"
    Precision="400"
    ColumnName="ATTR7"
    SQLType="VARCHAR"
    Type="java.lang.String"
    ColumnType="VARCHAR2"
    TableName="AP_OVERSEAS_TEMPLATE_TABLE">
    <DesignTime>
      <Attr Name="_DisplaySize" Value="400"/>
    </DesignTime>
  </Attribute>
  <Attribute
    Name="Attr8"
    Precision="400"
    ColumnName="ATTR8"
    SQLType="VARCHAR"
    Type="java.lang.String"
    ColumnType="VARCHAR2"
    TableName="AP_OVERSEAS_TEMPLATE_TABLE">
    <DesignTime>
      <Attr Name="_DisplaySize" Value="400"/>
    </DesignTime>
  </Attribute>
  <Attribute
    Name="Attr9"
    Precision="400"
    ColumnName="ATTR9"
    SQLType="VARCHAR"
    Type="java.lang.String"
    ColumnType="VARCHAR2"
    TableName="AP_OVERSEAS_TEMPLATE_TABLE">
    <DesignTime>
      <Attr Name="_DisplaySize" Value="400"/>
    </DesignTime>
  </Attribute>
  <Attribute
    Name="Attr10"
    Precision="400"
    ColumnName="ATTR10"
    SQLType="VARCHAR"
    Type="java.lang.String"
    ColumnType="VARCHAR2"
    TableName="AP_OVERSEAS_TEMPLATE_TABLE">
    <DesignTime>
      <Attr Name="_DisplaySize" Value="400"/>
    </DesignTime>
  </Attribute>
  <Attribute
    Name="Attr11"
    Precision="400"
    ColumnName="ATTR11"
    SQLType="VARCHAR"
    Type="java.lang.String"
    ColumnType="VARCHAR2"
    TableName="AP_OVERSEAS_TEMPLATE_TABLE">
    <DesignTime>
      <Attr Name="_DisplaySize" Value="400"/>
    </DesignTime>
  </Attribute>
  <Attribute
    Name="Attr12"
    Precision="400"
    ColumnName="ATTR12"
    SQLType="VARCHAR"
    Type="java.lang.String"
    ColumnType="VARCHAR2"
    TableName="AP_OVERSEAS_TEMPLATE_TABLE">
    <DesignTime>
      <Attr Name="_DisplaySize" Value="400"/>
    </DesignTime>
  </Attribute>
  <Attribute
    Name="Attr13"
    Precision="400"
    ColumnName="ATTR13"
    SQLType="VARCHAR"
    Type="java.lang.String"
    ColumnType="VARCHAR2"
    TableName="AP_OVERSEAS_TEMPLATE_TABLE">
    <DesignTime>
      <Attr Name="_DisplaySize" Value="400"/>
    </DesignTime>
  </Attribute>
  <Attribute
    Name="Attr14"
    Precision="400"
    ColumnName="ATTR14"
    SQLType="VARCHAR"
    Type="java.lang.String"
    ColumnType="VARCHAR2"
    TableName="AP_OVERSEAS_TEMPLATE_TABLE">
    <DesignTime>
      <Attr Name="_DisplaySize" Value="400"/>
    </DesignTime>
  </Attribute>
  <Attribute
    Name="Attr15"
    Precision="400"
    ColumnName="ATTR15"
    SQLType="VARCHAR"
    Type="java.lang.String"
    ColumnType="VARCHAR2"
    TableName="AP_OVERSEAS_TEMPLATE_TABLE">
    <DesignTime>
      <Attr Name="_DisplaySize" Value="400"/>
    </DesignTime>
  </Attribute>
  <Attribute
    Name="Attr16"
    Precision="400"
    ColumnName="ATTR16"
    SQLType="VARCHAR"
    Type="java.lang.String"
    ColumnType="VARCHAR2"
    TableName="AP_OVERSEAS_TEMPLATE_TABLE">
    <DesignTime>
      <Attr Name="_DisplaySize" Value="400"/>
    </DesignTime>
  </Attribute>
  <Attribute
    Name="Attr17"
    Precision="400"
    ColumnName="ATTR17"
    SQLType="VARCHAR"
    Type="java.lang.String"
    ColumnType="VARCHAR2"
    TableName="AP_OVERSEAS_TEMPLATE_TABLE">
    <DesignTime>
      <Attr Name="_DisplaySize" Value="400"/>
    </DesignTime>
  </Attribute>
  <Attribute
    Name="Attr18"
    Precision="400"
    ColumnName="ATTR18"
    SQLType="VARCHAR"
    Type="java.lang.String"
    ColumnType="VARCHAR2"
    TableName="AP_OVERSEAS_TEMPLATE_TABLE">
    <DesignTime>
      <Attr Name="_DisplaySize" Value="400"/>
    </DesignTime>
  </Attribute>
  <Attribute
    Name="Attr19"
    Precision="400"
    ColumnName="ATTR19"
    SQLType="VARCHAR"
    Type="java.lang.String"
    ColumnType="VARCHAR2"
    TableName="AP_OVERSEAS_TEMPLATE_TABLE">
    <DesignTime>
      <Attr Name="_DisplaySize" Value="400"/>
    </DesignTime>
  </Attribute>
  <Attribute
    Name="Attr20"
    Precision="400"
    ColumnName="ATTR20"
    SQLType="VARCHAR"
    Type="java.lang.String"
    ColumnType="VARCHAR2"
    TableName="AP_OVERSEAS_TEMPLATE_TABLE">
    <DesignTime>
      <Attr Name="_DisplaySize" Value="400"/>
    </DesignTime>
  </Attribute>
  <Key
    Name="ApOverseasTemplateTablePk"
    PrimaryKey="true">
    <DesignTime>
      <Attr Name="_DBObjectName" Value="AP_OVERSEAS_TEMPLATE_TABLE_PK"/>
    </DesignTime>
    <AttrArray Name="Attributes">
      <Item
        Value="qantas.com.au.overseas.model.ApOverseasTemplateTableEO.TemplateId"/>
      <Item
        Value="qantas.com.au.overseas.model.ApOverseasTemplateTableEO.UserId"/>
    </AttrArray>
  </Key>
  <Key
    Name="SysC0043899">
    <DesignTime>
      <Attr Name="_DBObjectName" Value="SYS_C0043899"/>
      <Attr Name="_checkCondition" Value='"USER_ID" IS NOT NULL'/>
      <Attr Name="_isCheck" Value="true"/>
    </DesignTime>
    <AttrArray Name="Attributes">
      <Item
        Value="qantas.com.au.overseas.model.ApOverseasTemplateTableEO.UserId"/>
    </AttrArray>
  </Key>
  <Key
    Name="SysC0043900">
    <DesignTime>
      <Attr Name="_DBObjectName" Value="SYS_C0043900"/>
      <Attr Name="_checkCondition" Value='"TEMPLATE_ID" IS NOT NULL'/>
      <Attr Name="_isCheck" Value="true"/>
    </DesignTime>
    <AttrArray Name="Attributes">
      <Item
        Value="qantas.com.au.overseas.model.ApOverseasTemplateTableEO.TemplateId"/>
    </AttrArray>
  </Key>
</Entity>
