<?xml version="1.0" encoding="windows-1252" ?>
<!DOCTYPE ViewObject SYSTEM "jbo_03_01.dtd">
<!---->
<ViewObject
  xmlns="http://xmlns.oracle.com/bc4j"
  Name="CertifierNameVO_ActiveOnlyRecords"
  Version="12.2.1.9.14"
  InheritPersonalization="true"
  BindingStyle="OracleName"
  CustomQuery="true"
  PageIterMode="Full"
  FetchMode="FETCH_AS_NEEDED">
  <DesignTime>
    <Attr Name="_isExpertMode" Value="true"/>
  </DesignTime>
  <Properties>
    <SchemaBasedProperties>
      <LABEL
        ResId="qantas.com.au.overseas.model.CertifierNameVO_ActiveOnlyRecords_LABEL"/>
    </SchemaBasedProperties>
  </Properties>
  <Variable
    Name="bindName"
    Kind="viewcriteria"
    Type="java.lang.String"/>
  <Variable
    Name="bvEmployeeID"
    Kind="viewcriteria"
    Type="java.lang.String"/>
  <Variable
    Name="bindEmailAddress"
    Kind="viewcriteria"
    Type="java.lang.String"/>
  <Variable
    Name="bindOrg"
    Kind="viewcriteria"
    Type="java.lang.String"/>
  <Variable
    Name="bindOperatingUnit"
    Kind="viewcriteria"
    Type="java.lang.String"/>
  <SQLQuery><![CDATA[SELECT *   
  FROM ((SELECT ppf.first_name,ppf.middle_names,ppf.last_name,ppf.employee_number,ppf.email_address,hru.name department,ppf.person_id,   
        ppf.first_name || ' ' || ppf.last_name as conName,decode(ppf.current_employee_flag,'N','No',Null,'No','Yes') current_employee_flag, 
        'Qantas' as operating_name,'QF' as jetstar_group,'QF' AS org   
        FROM apps.per_all_people_f          ppf,apps.per_all_assignments_f     paf,apps.hr_all_organization_units hru,   
        apps.per_person_types          ppt,apps.per_person_type_usages_f  pptu,apps.per_periods_of_service    pos   
        WHERE TRUNC(sysdate) between TRUNC(ppf.effective_start_date) AND TRUNC(ppf.effective_end_date)   
        AND ppf.person_id = paf.person_id AND ppf.current_employee_flag = 'Y' AND paf.primary_flag = 'Y' AND TRUNC(sysdate) between TRUNC(paf.effective_start_date) AND   
        TRUNC(paf.effective_end_date) AND paf.organization_id = hru.organization_id AND ppt.system_person_type IN ('EMP') AND ppf.person_id = pptu.person_id   
        AND pptu.person_type_id = ppt.person_type_id AND ppf.effective_start_date between trunc(pptu.effective_start_date) AND trunc(pptu.effective_end_date)   
        AND pos.person_id(+) = paf.person_id AND pos.period_of_service_id(+) = paf.period_of_service_id AND (pos.actual_termination_date > trunc(sysdate) OR   
        pos.actual_termination_date IS NULL) -- 41872  34940   
        AND hru.name not in (select hau.name from apps.hr_all_organization_units hau where upper(name) like upper('%Jetstar%') or upper(name) like upper('%JS%')))   
		union all  
        (select first_name,middle_names,last_name,employee_number,email_address,department,person_id,conname,current_employee_flag,operating_unit,jetstar_group,'JS' AS org   
        from apps.JSEQ_CERTIFIER_REASSGN_LOV_MV))]]></SQLQuery>
  <ViewAttribute
    Name="FirstName"
    IsUpdateable="false"
    IsPersistent="false"
    PrecisionRule="true"
    Precision="255"
    Type="java.lang.String"
    ColumnType="VARCHAR2"
    AliasName="FIRST_NAME"
    Expression="FIRST_NAME"
    SQLType="VARCHAR">
    <DesignTime>
      <Attr Name="_DisplaySize" Value="150"/>
    </DesignTime>
  </ViewAttribute>
  <ViewAttribute
    Name="MiddleNames"
    IsUpdateable="false"
    IsPersistent="false"
    PrecisionRule="true"
    Precision="60"
    Type="java.lang.String"
    ColumnType="VARCHAR2"
    AliasName="MIDDLE_NAMES"
    Expression="MIDDLE_NAMES"
    SQLType="VARCHAR">
    <DesignTime>
      <Attr Name="_DisplaySize" Value="60"/>
    </DesignTime>
  </ViewAttribute>
  <ViewAttribute
    Name="LastName"
    IsUpdateable="false"
    IsPersistent="false"
    IsNotNull="true"
    PrecisionRule="true"
    Precision="150"
    Type="java.lang.String"
    ColumnType="VARCHAR2"
    AliasName="LAST_NAME"
    Expression="LAST_NAME"
    SQLType="VARCHAR">
    <DesignTime>
      <Attr Name="_DisplaySize" Value="150"/>
    </DesignTime>
  </ViewAttribute>
  <ViewAttribute
    Name="EmployeeNumber"
    IsUpdateable="false"
    IsPersistent="false"
    PrecisionRule="true"
    Precision="30"
    Type="java.lang.String"
    ColumnType="VARCHAR2"
    AliasName="EMPLOYEE_NUMBER"
    Expression="EMPLOYEE_NUMBER"
    SQLType="VARCHAR">
    <DesignTime>
      <Attr Name="_DisplaySize" Value="30"/>
    </DesignTime>
  </ViewAttribute>
  <ViewAttribute
    Name="EmailAddress"
    IsUpdateable="false"
    IsPersistent="false"
    PrecisionRule="true"
    Precision="240"
    Type="java.lang.String"
    ColumnType="VARCHAR2"
    AliasName="EMAIL_ADDRESS"
    Expression="EMAIL_ADDRESS"
    SQLType="VARCHAR">
    <DesignTime>
      <Attr Name="_DisplaySize" Value="240"/>
    </DesignTime>
  </ViewAttribute>
  <ViewAttribute
    Name="Department"
    IsUpdateable="false"
    IsPersistent="false"
    IsNotNull="true"
    PrecisionRule="true"
    Precision="240"
    Type="java.lang.String"
    ColumnType="VARCHAR2"
    AliasName="DEPARTMENT"
    Expression="DEPARTMENT"
    SQLType="VARCHAR">
    <DesignTime>
      <Attr Name="_DisplaySize" Value="240"/>
    </DesignTime>
  </ViewAttribute>
  <ViewAttribute
    Name="PersonId"
    IsUpdateable="false"
    IsPersistent="false"
    IsNotNull="true"
    PrecisionRule="true"
    Precision="10"
    Scale="0"
    Type="oracle.jbo.domain.Number"
    ColumnType="NUMBER"
    AliasName="PERSON_ID"
    Expression="PERSON_ID"
    SQLType="NUMERIC">
    <DesignTime>
      <Attr Name="_DisplaySize" Value="11"/>
    </DesignTime>
  </ViewAttribute>
  <ViewAttribute
    Name="Conname"
    IsUpdateable="false"
    IsPersistent="false"
    PrecisionRule="true"
    Precision="301"
    Type="java.lang.String"
    ColumnType="VARCHAR2"
    AliasName="CONNAME"
    Expression="CONNAME"
    SQLType="VARCHAR">
    <DesignTime>
      <Attr Name="_DisplaySize" Value="301"/>
    </DesignTime>
  </ViewAttribute>
  <ViewAttribute
    Name="CurrentEmployeeFlag"
    IsUpdateable="false"
    IsPersistent="false"
    PrecisionRule="true"
    Precision="3"
    Type="java.lang.String"
    ColumnType="VARCHAR2"
    AliasName="CURRENT_EMPLOYEE_FLAG"
    Expression="CURRENT_EMPLOYEE_FLAG"
    SQLType="VARCHAR">
    <DesignTime>
      <Attr Name="_DisplaySize" Value="3"/>
    </DesignTime>
  </ViewAttribute>
  <ViewAttribute
    Name="OperatingName"
    IsUpdateable="false"
    IsPersistent="false"
    PrecisionRule="true"
    Precision="240"
    Type="java.lang.String"
    ColumnType="VARCHAR2"
    AliasName="OPERATING_NAME"
    Expression="OPERATING_NAME"
    SQLType="VARCHAR">
    <DesignTime>
      <Attr Name="_DisplaySize" Value="240"/>
    </DesignTime>
  </ViewAttribute>
  <ViewAttribute
    Name="JetstarGroup"
    IsUpdateable="false"
    IsPersistent="false"
    PrecisionRule="true"
    Precision="150"
    Type="java.lang.String"
    ColumnType="VARCHAR2"
    AliasName="JETSTAR_GROUP"
    Expression="JETSTAR_GROUP"
    SQLType="VARCHAR">
    <DesignTime>
      <Attr Name="_DisplaySize" Value="150"/>
    </DesignTime>
  </ViewAttribute>
  <ViewAttribute
    Name="Org"
    IsUpdateable="false"
    IsPersistent="false"
    PrecisionRule="true"
    Precision="2"
    Type="java.lang.String"
    ColumnType="CHAR"
    AliasName="ORG"
    Expression="ORG"
    SQLType="VARCHAR">
    <DesignTime>
      <Attr Name="_DisplaySize" Value="2"/>
    </DesignTime>
  </ViewAttribute>
  <ViewCriteria
    Name="CertifierNameVOCriteria"
    ViewObjectName="qantas.com.au.overseas.model.CertifierNameVO_ActiveOnlyRecords"
    Conjunction="AND">
    <Properties Name="_Props">
      <CustomProperties>
        <Property
          Name="displayOperators"
          Value="InAdvancedMode"/>
        <Property
          Name="autoExecute"
          Value="false"/>
        <Property
          Name="allowConjunctionOverride"
          Value="true"/>
        <Property
          Name="showInList"
          Value="true"/>
        <Property
          Name="mode"
          Value="Basic"/>
      </CustomProperties>
    </Properties>
    <ViewCriteriaRow
      Name="vcrow212"
      UpperColumns="1">
      <ViewCriteriaItem
        Name="EmployeeNumber"
        ViewAttribute="EmployeeNumber"
        Operator="&lt;>"
        Conjunction="AND"
        Value=":bvEmployeeID"
        IsBindVarValue="true"
        Required="Optional"/>
      <ViewCriteriaItem
        Name="CertifierNameVOCriteria_vcrow212_Conname"
        ViewAttribute="Conname"
        Operator="CONTAINS"
        Conjunction="AND"
        Value=":bindName"
        IsBindVarValue="true"
        Required="Optional"/>
      <ViewCriteriaItem
        Name="OperatingName"
        ViewAttribute="OperatingName"
        Operator="="
        Conjunction="AND"
        Value=":bindOperatingUnit"
        IsBindVarValue="true"
        Required="Optional"/>
      <ViewCriteriaItem
        Name="Org"
        ViewAttribute="Org"
        Operator="="
        Conjunction="AND"
        Value=":bindOrg"
        IsBindVarValue="true"
        Required="Optional"/>
    </ViewCriteriaRow>
  </ViewCriteria>
  <ViewCriteria
    Name="CertifierNameVO_ActiveOnlyRecordsCriteria"
    ViewObjectName="qantas.com.au.overseas.model.CertifierNameVO_ActiveOnlyRecords"
    Conjunction="AND">
    <Properties Name="_Props">
      <CustomProperties>
        <Property
          Name="displayOperators"
          Value="InAdvancedMode"/>
        <Property
          Name="autoExecute"
          Value="false"/>
        <Property
          Name="allowConjunctionOverride"
          Value="true"/>
        <Property
          Name="showInList"
          Value="true"/>
        <Property
          Name="mode"
          Value="Basic"/>
      </CustomProperties>
    </Properties>
    <ViewCriteriaRow
      Name="vcrow232"
      UpperColumns="1">
      <ViewCriteriaItem
        Name="EmployeeNumber"
        ViewAttribute="EmployeeNumber"
        Operator="="
        Conjunction="AND"
        Value=":bvEmployeeID"
        IsBindVarValue="true"
        Required="Optional"/>
      <ViewCriteriaItem
        Name="EmailAddress"
        ViewAttribute="EmailAddress"
        Operator="="
        Conjunction="OR"
        Value=":bindEmailAddress"
        IsBindVarValue="true"
        Required="Optional"/>
      <ViewCriteriaItem
        Name="Conname"
        ViewAttribute="Conname"
        Operator="CONTAINS"
        Conjunction="AND"
        Value=":bindName"
        IsBindVarValue="true"
        Required="Optional"/>
      <ViewCriteriaItem
        Name="Org"
        ViewAttribute="Org"
        Operator="="
        Conjunction="AND"
        Value=":bindOrg"
        IsBindVarValue="true"
        Required="Optional"/>
    </ViewCriteriaRow>
  </ViewCriteria>
  <ViewCriteria
    Name="CertifierNameVO_ActiveOnlyRecordsCriteria1"
    ViewObjectName="qantas.com.au.overseas.model.CertifierNameVO_ActiveOnlyRecords"
    Conjunction="AND">
    <Properties Name="_Props">
      <CustomProperties>
        <Property
          Name="displayOperators"
          Value="InAdvancedMode"/>
        <Property
          Name="autoExecute"
          Value="false"/>
        <Property
          Name="allowConjunctionOverride"
          Value="true"/>
        <Property
          Name="showInList"
          Value="true"/>
        <Property
          Name="mode"
          Value="Basic"/>
      </CustomProperties>
    </Properties>
    <ViewCriteriaRow
      Name="vcrow267"
      UpperColumns="1">
      <ViewCriteriaItem
        Name="EmployeeNumber"
        ViewAttribute="EmployeeNumber"
        Operator="="
        Conjunction="AND"
        Value=":bvEmployeeID"
        IsBindVarValue="true"
        Required="Optional"/>
      <ViewCriteriaItem
        Name="Org"
        ViewAttribute="Org"
        Operator="="
        Conjunction="AND"
        Value=":bindOrg"
        IsBindVarValue="true"
        Required="Optional"/>
    </ViewCriteriaRow>
  </ViewCriteria>
  <ViewCriteria
    Name="CertifierNameVO_ActiveOnlyRecordsCriteriaOrg"
    ViewObjectName="qantas.com.au.overseas.model.CertifierNameVO_ActiveOnlyRecords"
    Conjunction="AND">
    <Properties Name="_Props">
      <CustomProperties>
        <Property
          Name="autoExecute"
          Value="false"/>
        <Property
          Name="mode"
          Value="Basic"/>
        <Property
          Name="allowConjunctionOverride"
          Value="true"/>
        <Property
          Name="showInList"
          Value="true"/>
        <Property
          Name="displayOperators"
          Value="InAdvancedMode"/>
      </CustomProperties>
    </Properties>
    <ViewCriteriaRow
      Name="CertifierNameVO_ActiveOnlyRecordsCriteria2_row_0"
      UpperColumns="1">
      <ViewCriteriaItem
        Name="Org"
        ViewAttribute="Org"
        Operator="="
        Conjunction="AND"
        Value=":bindOrg"
        IsBindVarValue="true"
        Required="Optional"/>
    </ViewCriteriaRow>
  </ViewCriteria>
  <ResourceBundle>
    <PropertiesBundle
      PropertiesFile="qantas.com.au.overseas.model.ModelBundle"/>
  </ResourceBundle>
</ViewObject>
