<?xml version="1.0" encoding="windows-1252" ?>
<!DOCTYPE ViewObject SYSTEM "jbo_03_01.dtd">
<!---->
<ViewObject
  xmlns="http://xmlns.oracle.com/bc4j"
  Name="CertifierNameVO"
  Version="12.2.1.9.14"
  InheritPersonalization="true"
  BindingStyle="OracleName"
  CustomQuery="true"
  PageIterMode="Full">
  <DesignTime>
    <Attr Name="_isExpertMode" Value="true"/>
  </DesignTime>
  <Properties>
    <SchemaBasedProperties>
      <LABEL
        ResId="qantas.com.au.overseas.model.CertifierNameVO_LABEL"/>
    </SchemaBasedProperties>
  </Properties>
  <Variable
    Name="bindName"
    Kind="viewcriteria"
    Type="java.lang.String"/>
  <Variable
    Name="bvEmpNumber"
    Kind="viewcriteria"
    Type="java.lang.String"/>
  <Variable
    Name="bvPreferredName"
    Kind="viewcriteria"
    Type="java.lang.String"/>
  <Variable
    Name="bindOrg"
    Kind="viewcriteria"
    Type="java.lang.String"/>
  <SQLQuery><![CDATA[select first_name, 
       middle_names, 
       last_name, 
       employee_number, 
       email_address, 
       department, 
       person_id, 
       conname, 
       current_employee_flag, 
       prefnamelastname, 
       preferred_name, 
	   'JS' AS org 
  from apps.JSEQ_CERTIFIER_LOV_MV 
  union all  
  SELECT first_name, 
       middle_names, 
       last_name, 
       employee_number, 
       email_address, 
       department, 
       person_id, 
       conName, 
       current_employee_flag, 
       prefNameLastName, 
       preferred_name, 
	   'QF' AS org 
from apps.QFEQ_CERTIFIER_LOV_MV]]></SQLQuery>
  <ViewAttribute
    Name="FirstName"
    IsUpdateable="false"
    IsPersistent="false"
    PrecisionRule="true"
    Precision="255"
    Type="java.lang.String"
    ColumnType="VARCHAR2"
    AliasName="FIRST_NAME"
    Expression="FIRST_NAME"
    SQLType="VARCHAR">
    <DesignTime>
      <Attr Name="_DisplaySize" Value="150"/>
    </DesignTime>
  </ViewAttribute>
  <ViewAttribute
    Name="MiddleNames"
    IsUpdateable="false"
    IsPersistent="false"
    PrecisionRule="true"
    Precision="60"
    Type="java.lang.String"
    ColumnType="VARCHAR2"
    AliasName="MIDDLE_NAMES"
    Expression="MIDDLE_NAMES"
    SQLType="VARCHAR">
    <DesignTime>
      <Attr Name="_DisplaySize" Value="60"/>
    </DesignTime>
  </ViewAttribute>
  <ViewAttribute
    Name="LastName"
    IsUpdateable="false"
    IsPersistent="false"
    PrecisionRule="true"
    Precision="150"
    Type="java.lang.String"
    ColumnType="VARCHAR2"
    AliasName="LAST_NAME"
    Expression="LAST_NAME"
    SQLType="VARCHAR">
    <DesignTime>
      <Attr Name="_DisplaySize" Value="150"/>
    </DesignTime>
  </ViewAttribute>
  <ViewAttribute
    Name="EmployeeNumber"
    IsUpdateable="false"
    IsPersistent="false"
    PrecisionRule="true"
    Precision="30"
    Type="java.lang.String"
    ColumnType="VARCHAR2"
    AliasName="EMPLOYEE_NUMBER"
    Expression="EMPLOYEE_NUMBER"
    SQLType="VARCHAR">
    <DesignTime>
      <Attr Name="_DisplaySize" Value="30"/>
    </DesignTime>
  </ViewAttribute>
  <ViewAttribute
    Name="EmailAddress"
    IsUpdateable="false"
    IsPersistent="false"
    PrecisionRule="true"
    Precision="240"
    Type="java.lang.String"
    ColumnType="VARCHAR2"
    AliasName="EMAIL_ADDRESS"
    Expression="EMAIL_ADDRESS"
    SQLType="VARCHAR">
    <DesignTime>
      <Attr Name="_DisplaySize" Value="240"/>
    </DesignTime>
  </ViewAttribute>
  <ViewAttribute
    Name="Department"
    IsUpdateable="false"
    IsPersistent="false"
    PrecisionRule="true"
    Precision="240"
    Type="java.lang.String"
    ColumnType="VARCHAR2"
    AliasName="DEPARTMENT"
    Expression="DEPARTMENT"
    SQLType="VARCHAR">
    <DesignTime>
      <Attr Name="_DisplaySize" Value="240"/>
    </DesignTime>
  </ViewAttribute>
  <ViewAttribute
    Name="PersonId"
    IsUpdateable="false"
    IsPersistent="false"
    PrecisionRule="true"
    Precision="10"
    Scale="0"
    Type="oracle.jbo.domain.Number"
    ColumnType="NUMBER"
    AliasName="PERSON_ID"
    Expression="PERSON_ID"
    SQLType="NUMERIC">
    <DesignTime>
      <Attr Name="_DisplaySize" Value="11"/>
    </DesignTime>
  </ViewAttribute>
  <ViewAttribute
    Name="Conname"
    IsUpdateable="false"
    IsPersistent="false"
    PrecisionRule="true"
    Precision="301"
    Type="java.lang.String"
    ColumnType="VARCHAR2"
    AliasName="CONNAME"
    Expression="CONNAME"
    SQLType="VARCHAR">
    <DesignTime>
      <Attr Name="_DisplaySize" Value="301"/>
    </DesignTime>
  </ViewAttribute>
  <ViewAttribute
    Name="CurrentEmployeeFlag"
    IsUpdateable="false"
    IsPersistent="false"
    PrecisionRule="true"
    Precision="3"
    Type="java.lang.String"
    ColumnType="VARCHAR2"
    AliasName="CURRENT_EMPLOYEE_FLAG"
    Expression="CURRENT_EMPLOYEE_FLAG"
    SQLType="VARCHAR">
    <DesignTime>
      <Attr Name="_DisplaySize" Value="3"/>
    </DesignTime>
  </ViewAttribute>
  <ViewAttribute
    Name="Prefnamelastname"
    IsUpdateable="false"
    IsPersistent="false"
    PrecisionRule="true"
    Precision="231"
    Type="java.lang.String"
    ColumnType="VARCHAR2"
    AliasName="PREFNAMELASTNAME"
    Expression="PREFNAMELASTNAME"
    SQLType="VARCHAR">
    <DesignTime>
      <Attr Name="_DisplaySize" Value="231"/>
    </DesignTime>
  </ViewAttribute>
  <ViewAttribute
    Name="PreferredName"
    IsUpdateable="false"
    IsPersistent="false"
    PrecisionRule="true"
    Precision="80"
    Type="java.lang.String"
    ColumnType="VARCHAR2"
    AliasName="PREFERRED_NAME"
    Expression="PREFERRED_NAME"
    SQLType="VARCHAR">
    <DesignTime>
      <Attr Name="_DisplaySize" Value="80"/>
    </DesignTime>
  </ViewAttribute>
  <ViewAttribute
    Name="Org"
    IsUpdateable="false"
    IsPersistent="false"
    PrecisionRule="true"
    Precision="2"
    Type="java.lang.String"
    ColumnType="CHAR"
    AliasName='ORG'
    Expression='ORG'
    SQLType="VARCHAR">
    <DesignTime>
      <Attr Name="_DisplaySize" Value="2"/>
    </DesignTime>
  </ViewAttribute>
  <ViewCriteria
    Name="CertifierNameVOCriteria"
    ViewObjectName="qantas.com.au.overseas.model.CertifierNameVO"
    Conjunction="AND">
    <Properties Name="_Props">
      <CustomProperties>
        <Property
          Name="displayOperators"
          Value="InAdvancedMode"/>
        <Property
          Name="autoExecute"
          Value="false"/>
        <Property
          Name="allowConjunctionOverride"
          Value="true"/>
        <Property
          Name="showInList"
          Value="true"/>
        <Property
          Name="mode"
          Value="Basic"/>
      </CustomProperties>
    </Properties>
    <ViewCriteriaRow
      Name="vcrow165"
      UpperColumns="1">
      <ViewCriteriaItem
        Name="EmployeeNumber"
        ViewAttribute="EmployeeNumber"
        Operator="CONTAINS"
        Conjunction="AND"
        Value=":bvEmpNumber"
        IsBindVarValue="true"
        Required="Optional"/>
      <ViewCriteriaItem
        Name="CertifierNameVOCriteria_vcrow165_Conname"
        ViewAttribute="Conname"
        Operator="CONTAINS"
        Conjunction="OR"
        Value=":bindName"
        IsBindVarValue="true"
        Required="Optional"/>
      <ViewCriteriaItem
        Name="PreferredName"
        ViewAttribute="PreferredName"
        Operator="CONTAINS"
        Conjunction="OR"
        Value=":bvPreferredName"
        IsBindVarValue="true"
        Required="Optional"/>
      <ViewCriteriaItem
        Name="Org"
        ViewAttribute="Org"
        Operator="="
        Conjunction="AND"
        Value=":bindOrg"
        IsBindVarValue="true"
        Required="Optional"/>
    </ViewCriteriaRow>
  </ViewCriteria>
  <ViewCriteria
    Name="CertifierNameVOCriteria1"
    ViewObjectName="qantas.com.au.overseas.model.CertifierNameVO"
    Conjunction="AND">
    <Properties Name="_Props">
      <CustomProperties>
        <Property
          Name="displayOperators"
          Value="InAdvancedMode"/>
        <Property
          Name="autoExecute"
          Value="false"/>
        <Property
          Name="allowConjunctionOverride"
          Value="true"/>
        <Property
          Name="showInList"
          Value="true"/>
        <Property
          Name="mode"
          Value="Basic"/>
      </CustomProperties>
    </Properties>
    <ViewCriteriaRow
      Name="vcrow179"
      UpperColumns="1">
      <ViewCriteriaItem
        Name="CertifierNameVOCriteria1_vcrow179_Conname"
        ViewAttribute="Conname"
        Operator="="
        Conjunction="AND"
        Value=":bindName"
        IsBindVarValue="true"
        Required="Optional"/>
      <ViewCriteriaItem
        Name="Org"
        ViewAttribute="Org"
        Operator="="
        Conjunction="AND"
        Value=":bindOrg"
        IsBindVarValue="true"
        Required="Optional"/>
    </ViewCriteriaRow>
  </ViewCriteria>
  <ResourceBundle>
    <PropertiesBundle
      PropertiesFile="qantas.com.au.overseas.model.ModelBundle"/>
  </ResourceBundle>
</ViewObject>
