<?xml version="1.0" encoding="windows-1252" ?>
<!DOCTYPE ViewObject SYSTEM "jbo_03_01.dtd">
<!---->
<ViewObject
  xmlns="http://xmlns.oracle.com/bc4j"
  Name="CompanyCounterPartyVO"
  Version="11.1.1.64.93"
  InheritPersonalization="true"
  BindingStyle="OracleName"
  CustomQuery="true"
  PageIterMode="Full"
  UseGlueCode="false">
  <DesignTime>
    <Attr Name="_isExpertMode" Value="true"/>
  </DesignTime>
  <Properties>
    <SchemaBasedProperties>
      <LABEL
        ResId="qantas.com.au.overseas.model.CompanyCounterPartyVO_LABEL"/>
    </SchemaBasedProperties>
  </Properties>
  <Variable
    Name="bindCompanyName"
    Kind="viewcriteria"
    Type="java.lang.String"/>
  <Variable
    Name="bindCounterParty"
    Kind="viewcriteria"
    Type="java.lang.String"/>
  <Variable
    Name="bindCompanyDesc"
    Kind="viewcriteria"
    Type="java.lang.String"/>
  <SQLQuery>
    <![CDATA[SELECT ffv.flex_value company
      ,ffv.description company_description     
  FROM apps.fnd_flex_value_sets ffvs
      ,apps.fnd_flex_values_vl  ffv
 WHERE ffvs.flex_value_set_name = 'QFEQGL_Entity'
   AND ffvs.flex_value_set_id = ffv.flex_value_set_id
   AND ffv.enabled_flag = 'Y'
   AND SYSDATE BETWEEN nvl(start_date_active,SYSDATE) 
                   AND nvl(end_date_active, SYSDATE + 1)]]>
  </SQLQuery>
  <ViewAttribute
    Name="Company"
    IsUpdateable="false"
    IsPersistent="false"
    IsNotNull="true"
    PrecisionRule="true"
    Precision="255"
    Type="java.lang.String"
    ColumnType="VARCHAR2"
    AliasName="COMPANY"
    Expression="COMPANY"
    SQLType="VARCHAR">
    <DesignTime>
      <Attr Name="_DisplaySize" Value="150"/>
    </DesignTime>
  </ViewAttribute>
  <ViewAttribute
    Name="CompanyDescription"
    IsUpdateable="false"
    IsPersistent="false"
    PrecisionRule="true"
    Precision="240"
    Type="java.lang.String"
    ColumnType="VARCHAR2"
    AliasName="COMPANY_DESCRIPTION"
    Expression="COMPANY_DESCRIPTION"
    SQLType="VARCHAR">
    <DesignTime>
      <Attr Name="_DisplaySize" Value="240"/>
    </DesignTime>
  </ViewAttribute>
  <ViewCriteria
    Name="CompanyVOCriteria"
    ViewObjectName="qantas.com.au.overseas.model.CompanyCounterPartyVO"
    Conjunction="AND">
    <Properties>
      <CustomProperties>
        <Property
          Name="displayOperators"
          Value="InAdvancedMode"/>
        <Property
          Name="autoExecute"
          Value="false"/>
        <Property
          Name="allowConjunctionOverride"
          Value="true"/>
        <Property
          Name="showInList"
          Value="true"/>
        <Property
          Name="mode"
          Value="Basic"/>
      </CustomProperties>
    </Properties>
    <ViewCriteriaRow
      Name="vcrow378"
      UpperColumns="1">
      <ViewCriteriaItem
        Name="CompanyVOCriteria_vcrow378_Company"
        ViewAttribute="Company"
        Operator="CONTAINS"
        Conjunction="AND"
        Value=":bindCompanyName"
        IsBindVarValue="true"
        Required="Optional"/>
    </ViewCriteriaRow>
  </ViewCriteria>
  <ViewCriteria
    Name="CounterPartyVOCriteria"
    ViewObjectName="qantas.com.au.overseas.model.CompanyCounterPartyVO"
    Conjunction="AND">
    <Properties>
      <CustomProperties>
        <Property
          Name="displayOperators"
          Value="InAdvancedMode"/>
        <Property
          Name="autoExecute"
          Value="false"/>
        <Property
          Name="allowConjunctionOverride"
          Value="true"/>
        <Property
          Name="showInList"
          Value="true"/>
        <Property
          Name="mode"
          Value="Basic"/>
      </CustomProperties>
    </Properties>
    <ViewCriteriaRow
      Name="vcrow414"
      UpperColumns="1">
      <ViewCriteriaItem
        Name="CounterPartyVOCriteria_vcrow414_Company"
        ViewAttribute="Company"
        Operator="CONTAINS"
        Conjunction="AND"
        Value=":bindCounterParty"
        IsBindVarValue="true"
        Required="Optional"/>
    </ViewCriteriaRow>
  </ViewCriteria>
  <ViewCriteria
    Name="CompanyVOCriteria1"
    ViewObjectName="qantas.com.au.overseas.model.CompanyCounterPartyVO"
    Conjunction="AND">
    <Properties>
      <CustomProperties>
        <Property
          Name="displayOperators"
          Value="InAdvancedMode"/>
        <Property
          Name="autoExecute"
          Value="false"/>
        <Property
          Name="allowConjunctionOverride"
          Value="true"/>
        <Property
          Name="showInList"
          Value="true"/>
        <Property
          Name="mode"
          Value="Basic"/>
      </CustomProperties>
    </Properties>
    <ViewCriteriaRow
      Name="vcrow485"
      UpperColumns="1">
      <ViewCriteriaItem
        Name="CompanyVOCriteria1_vcrow485_Company"
        ViewAttribute="Company"
        Operator="="
        Conjunction="AND"
        Value=":bindCompanyName"
        IsBindVarValue="true"
        Required="Optional"/>
    </ViewCriteriaRow>
  </ViewCriteria>
  <ViewCriteria
    Name="CounterPartyVOCriteria1"
    ViewObjectName="qantas.com.au.overseas.model.CompanyCounterPartyVO"
    Conjunction="AND">
    <Properties>
      <CustomProperties>
        <Property
          Name="displayOperators"
          Value="InAdvancedMode"/>
        <Property
          Name="autoExecute"
          Value="false"/>
        <Property
          Name="allowConjunctionOverride"
          Value="true"/>
        <Property
          Name="showInList"
          Value="true"/>
        <Property
          Name="mode"
          Value="Basic"/>
      </CustomProperties>
    </Properties>
    <ViewCriteriaRow
      Name="vcrow625"
      UpperColumns="1">
      <ViewCriteriaItem
        Name="CounterPartyVOCriteria1_vcrow625_Company"
        ViewAttribute="Company"
        Operator="="
        Conjunction="AND"
        Value=":bindCounterParty"
        IsBindVarValue="true"
        Required="Optional"/>
    </ViewCriteriaRow>
  </ViewCriteria>
  <ViewCriteria
    Name="CompanyCounterPartyVOCriteria_filterByCodeOrDesc"
    ViewObjectName="qantas.com.au.overseas.model.CompanyCounterPartyVO"
    Conjunction="AND">
    <Properties>
      <CustomProperties>
        <Property
          Name="displayOperators"
          Value="InAdvancedMode"/>
        <Property
          Name="autoExecute"
          Value="false"/>
        <Property
          Name="allowConjunctionOverride"
          Value="true"/>
        <Property
          Name="showInList"
          Value="true"/>
        <Property
          Name="mode"
          Value="Basic"/>
      </CustomProperties>
    </Properties>
    <ViewCriteriaRow
      Name="vcrow750"
      UpperColumns="1">
      <ViewCriteriaItem
        Name="CompanyCounterPartyVOCriteria_filterByCodeOrDesc_vcrow750_Company"
        ViewAttribute="Company"
        Operator="CONTAINS"
        Conjunction="AND"
        Value=":bindCompanyName"
        IsBindVarValue="true"
        Required="Optional"/>
      <ViewCriteriaItem
        Name="CompanyCounterPartyVOCriteria_filterByCodeOrDesc_vcrow750_CompanyDescription"
        ViewAttribute="CompanyDescription"
        Operator="CONTAINS"
        Conjunction="OR"
        Value=":bindCompanyName"
        IsBindVarValue="true"
        Required="Optional"/>
    </ViewCriteriaRow>
  </ViewCriteria>
  <ViewCriteria
    Name="CompanyDescVOCriteria"
    ViewObjectName="qantas.com.au.overseas.model.CompanyCounterPartyVO"
    Conjunction="AND">
    <Properties>
      <CustomProperties>
        <Property
          Name="displayOperators"
          Value="InAdvancedMode"/>
        <Property
          Name="autoExecute"
          Value="false"/>
        <Property
          Name="allowConjunctionOverride"
          Value="true"/>
        <Property
          Name="showInList"
          Value="true"/>
        <Property
          Name="mode"
          Value="Basic"/>
      </CustomProperties>
    </Properties>
    <ViewCriteriaRow
      Name="vcrow833"
      UpperColumns="1">
      <ViewCriteriaItem
        Name="CompanyDescription"
        ViewAttribute="CompanyDescription"
        Operator="CONTAINS"
        Conjunction="AND"
        Value=":bindCompanyDesc"
        IsBindVarValue="true"
        Required="Optional"/>
    </ViewCriteriaRow>
  </ViewCriteria>
  <ViewCriteria
    Name="CompanyVOCriteria2"
    ViewObjectName="qantas.com.au.overseas.model.CompanyCounterPartyVO"
    Conjunction="AND">
    <Properties>
      <CustomProperties>
        <Property
          Name="displayOperators"
          Value="InAdvancedMode"/>
        <Property
          Name="autoExecute"
          Value="false"/>
        <Property
          Name="allowConjunctionOverride"
          Value="true"/>
        <Property
          Name="showInList"
          Value="true"/>
        <Property
          Name="mode"
          Value="Basic"/>
      </CustomProperties>
    </Properties>
    <ViewCriteriaRow
      Name="vcrow902"
      UpperColumns="1">
      <ViewCriteriaItem
        Name="CompanyVOCriteria2_vcrow902_Company"
        ViewAttribute="Company"
        Operator="="
        Conjunction="AND"
        Value=":bindCompanyName"
        IsBindVarValue="true"
        Required="Optional"/>
    </ViewCriteriaRow>
  </ViewCriteria>
  <ViewCriteria
    Name="CounterPartyVOCriteria2"
    ViewObjectName="qantas.com.au.overseas.model.CompanyCounterPartyVO"
    Conjunction="AND">
    <Properties>
      <CustomProperties>
        <Property
          Name="displayOperators"
          Value="InAdvancedMode"/>
        <Property
          Name="autoExecute"
          Value="false"/>
        <Property
          Name="allowConjunctionOverride"
          Value="true"/>
        <Property
          Name="showInList"
          Value="true"/>
        <Property
          Name="mode"
          Value="Basic"/>
      </CustomProperties>
    </Properties>
    <ViewCriteriaRow
      Name="vcrow940"
      UpperColumns="1">
      <ViewCriteriaItem
        Name="CounterPartyVOCriteria2_vcrow940_Company"
        ViewAttribute="Company"
        Operator="="
        Conjunction="AND"
        Value=":bindCounterParty"
        IsBindVarValue="true"
        Required="Optional"/>
    </ViewCriteriaRow>
  </ViewCriteria>
  <ResourceBundle>
    <PropertiesBundle
      PropertiesFile="qantas.com.au.overseas.model.ModelBundle"/>
  </ResourceBundle>
</ViewObject>
