<?xml version="1.0" encoding="windows-1252" ?>
<!DOCTYPE ViewObject SYSTEM "jbo_03_01.dtd">
<!---->
<ViewObject
  xmlns="http://xmlns.oracle.com/bc4j"
  Name="CostCentreVO"
  Version="11.1.1.64.93"
  InheritPersonalization="true"
  BindingStyle="OracleName"
  CustomQuery="true"
  PageIterMode="Full"
  UseGlueCode="false">
  <DesignTime>
    <Attr Name="_codeGenFlag2" Value="Access|VarAccess"/>
    <Attr Name="_isExpertMode" Value="true"/>
  </DesignTime>
  <Properties>
    <SchemaBasedProperties>
      <LABEL
        ResId="qantas.com.au.overseas.model.CostCentreVO_LABEL"/>
    </SchemaBasedProperties>
  </Properties>
  <Variable
    Name="bindCostCentre"
    Kind="viewcriteria"
    Type="java.lang.String"/>
  <Variable
    Name="bindCostCenterDesc"
    Kind="viewcriteria"
    Type="java.lang.String"/>
  <SQLQuery>
    <![CDATA[SELECT ffv.flex_value costcentre
      ,ffv.description description     
  FROM apps.fnd_flex_value_sets ffvs
      ,apps.fnd_flex_values_vl  ffv
 WHERE ffvs.flex_value_set_name = 'QFEQGL_Centre'
   AND ffvs.flex_value_set_id = ffv.flex_value_set_id
   AND ffv.enabled_flag = 'Y'
   AND SYSDATE BETWEEN nvl(start_date_active,SYSDATE) 
                   AND nvl(end_date_active, SYSDATE + 1)]]>
  </SQLQuery>
  <ViewAttribute
    Name="Costcentre"
    IsUpdateable="false"
    IsPersistent="false"
    IsNotNull="true"
    PrecisionRule="true"
    Precision="255"
    Type="java.lang.String"
    ColumnType="VARCHAR2"
    AliasName="COSTCENTRE"
    Expression="COSTCENTRE"
    SQLType="VARCHAR">
    <DesignTime>
      <Attr Name="_DisplaySize" Value="150"/>
    </DesignTime>
  </ViewAttribute>
  <ViewAttribute
    Name="Description"
    IsUpdateable="false"
    IsPersistent="false"
    PrecisionRule="true"
    Precision="240"
    Type="java.lang.String"
    ColumnType="VARCHAR2"
    AliasName="DESCRIPTION"
    Expression="DESCRIPTION"
    SQLType="VARCHAR">
    <DesignTime>
      <Attr Name="_DisplaySize" Value="240"/>
    </DesignTime>
  </ViewAttribute>
  <ViewCriteria
    Name="CostCentreVOCriteria"
    ViewObjectName="qantas.com.au.overseas.model.CostCentreVO"
    Conjunction="AND">
    <Properties>
      <CustomProperties>
        <Property
          Name="displayOperators"
          Value="InAdvancedMode"/>
        <Property
          Name="autoExecute"
          Value="false"/>
        <Property
          Name="allowConjunctionOverride"
          Value="true"/>
        <Property
          Name="showInList"
          Value="true"/>
        <Property
          Name="mode"
          Value="Basic"/>
      </CustomProperties>
    </Properties>
    <ViewCriteriaRow
      Name="vcrow578"
      UpperColumns="1">
      <ViewCriteriaItem
        Name="CostCentreVOCriteria_vcrow578_Costcentre"
        ViewAttribute="Costcentre"
        Operator="CONTAINS"
        Conjunction="AND"
        Value=":bindCostCentre"
        IsBindVarValue="true"
        Required="Optional"/>
    </ViewCriteriaRow>
  </ViewCriteria>
  <ViewCriteria
    Name="CostCentreVOCriteria1"
    ViewObjectName="qantas.com.au.overseas.model.CostCentreVO"
    Conjunction="AND">
    <Properties>
      <CustomProperties>
        <Property
          Name="displayOperators"
          Value="InAdvancedMode"/>
        <Property
          Name="autoExecute"
          Value="false"/>
        <Property
          Name="allowConjunctionOverride"
          Value="true"/>
        <Property
          Name="showInList"
          Value="true"/>
        <Property
          Name="mode"
          Value="Basic"/>
      </CustomProperties>
    </Properties>
    <ViewCriteriaRow
      Name="vcrow590"
      UpperColumns="1">
      <ViewCriteriaItem
        Name="CostCentreVOCriteria1_vcrow590_Costcentre"
        ViewAttribute="Costcentre"
        Operator="="
        Conjunction="AND"
        Value=":bindCostCentre"
        IsBindVarValue="true"
        Required="Optional"/>
    </ViewCriteriaRow>
  </ViewCriteria>
  <ViewCriteria
    Name="CostCentreDescVOCriteria"
    ViewObjectName="qantas.com.au.overseas.model.CostCentreVO"
    Conjunction="AND">
    <Properties>
      <CustomProperties>
        <Property
          Name="displayOperators"
          Value="InAdvancedMode"/>
        <Property
          Name="autoExecute"
          Value="false"/>
        <Property
          Name="allowConjunctionOverride"
          Value="true"/>
        <Property
          Name="showInList"
          Value="true"/>
        <Property
          Name="mode"
          Value="Basic"/>
      </CustomProperties>
    </Properties>
    <ViewCriteriaRow
      Name="vcrow605"
      UpperColumns="1">
      <ViewCriteriaItem
        Name="Description"
        ViewAttribute="Description"
        Operator="CONTAINS"
        Conjunction="AND"
        Value=":bindCostCenterDesc"
        IsBindVarValue="true"
        Required="Optional"/>
    </ViewCriteriaRow>
  </ViewCriteria>
  <ViewCriteria
    Name="CostCentreVOCriteria2"
    ViewObjectName="qantas.com.au.overseas.model.CostCentreVO"
    Conjunction="AND">
    <Properties>
      <CustomProperties>
        <Property
          Name="displayOperators"
          Value="InAdvancedMode"/>
        <Property
          Name="autoExecute"
          Value="false"/>
        <Property
          Name="allowConjunctionOverride"
          Value="true"/>
        <Property
          Name="showInList"
          Value="true"/>
        <Property
          Name="mode"
          Value="Basic"/>
      </CustomProperties>
    </Properties>
    <ViewCriteriaRow
      Name="vcrow623"
      UpperColumns="1">
      <ViewCriteriaItem
        Name="CostCentreVOCriteria2_vcrow623_Costcentre"
        ViewAttribute="Costcentre"
        Operator="="
        Conjunction="AND"
        Value=":bindCostCentre"
        IsBindVarValue="true"
        Required="Optional"/>
    </ViewCriteriaRow>
  </ViewCriteria>
  <ResourceBundle>
    <PropertiesBundle
      PropertiesFile="qantas.com.au.overseas.model.ModelBundle"/>
  </ResourceBundle>
</ViewObject>
