<?xml version="1.0" encoding="windows-1252" ?>
<!DOCTYPE ViewObject SYSTEM "jbo_03_01.dtd">
<!---->
<ViewObject
  xmlns="http://xmlns.oracle.com/bc4j"
  Name="DuplicateRecordCheckVO1"
  Version="11.1.1.64.93"
  InheritPersonalization="true"
  BindingStyle="OracleName"
  CustomQuery="true"
  PageIterMode="Full"
  UseGlueCode="false">
  <DesignTime>
    <Attr Name="_isExpertMode" Value="true"/>
  </DesignTime>
  <Properties>
    <SchemaBasedProperties>
      <LABEL
        ResId="qantas.com.au.overseas.model.DuplicateRecordCheckVO1_LABEL"/>
    </SchemaBasedProperties>
  </Properties>
  <Variable
    Name="bv_invoiceNumber"
    Kind="where"
    Type="java.lang.String"/>
  <SQLQuery>
    <![CDATA[select INVOICE_ID,SUPPLIER_NAME,SITE_ID,INVOICE_DATE,INVOICE_NUMBER,ATTR1,INTERNAL_STATUS,INVOICE_TOT_AMOUNT from ap_invoice_overseas_table where internal_status='SUBMITTED' and INVOICE_NUMBER = :bv_invoiceNumber]]>
  </SQLQuery>
  <ViewAttribute
    Name="InvoiceId"
    IsUpdateable="false"
    IsPersistent="false"
    IsNotNull="true"
    PrecisionRule="true"
    Precision="15"
    Scale="0"
    Type="oracle.jbo.domain.Number"
    ColumnType="NUMBER"
    AliasName="INVOICE_ID"
    Expression="INVOICE_ID"
    SQLType="NUMERIC">
    <DesignTime>
      <Attr Name="_DisplaySize" Value="16"/>
    </DesignTime>
  </ViewAttribute>
  <ViewAttribute
    Name="SupplierName"
    IsUpdateable="false"
    IsPersistent="false"
    PrecisionRule="true"
    Precision="600"
    Type="java.lang.String"
    ColumnType="VARCHAR2"
    AliasName="SUPPLIER_NAME"
    Expression="SUPPLIER_NAME"
    SQLType="VARCHAR">
    <DesignTime>
      <Attr Name="_DisplaySize" Value="600"/>
    </DesignTime>
  </ViewAttribute>
  <ViewAttribute
    Name="SiteId"
    IsUpdateable="false"
    IsPersistent="false"
    PrecisionRule="true"
    Type="oracle.jbo.domain.Number"
    ColumnType="NUMBER"
    AliasName="SITE_ID"
    Expression="SITE_ID"
    SQLType="NUMERIC">
    <DesignTime>
      <Attr Name="_DisplaySize" Value="39"/>
    </DesignTime>
  </ViewAttribute>
  <ViewAttribute
    Name="InvoiceDate"
    IsUpdateable="false"
    IsPersistent="false"
    PrecisionRule="true"
    Type="oracle.jbo.domain.Date"
    ColumnType="DATE"
    AliasName="INVOICE_DATE"
    Expression="INVOICE_DATE"
    SQLType="DATE">
    <DesignTime>
      <Attr Name="_DisplaySize" Value="7"/>
    </DesignTime>
  </ViewAttribute>
  <ViewAttribute
    Name="InvoiceNumber"
    IsUpdateable="false"
    IsPersistent="false"
    PrecisionRule="true"
    Precision="300"
    Type="java.lang.String"
    ColumnType="VARCHAR2"
    AliasName="INVOICE_NUMBER"
    Expression="INVOICE_NUMBER"
    SQLType="VARCHAR">
    <DesignTime>
      <Attr Name="_DisplaySize" Value="300"/>
    </DesignTime>
  </ViewAttribute>
  <ViewAttribute
    Name="Attr1"
    IsUpdateable="false"
    IsPersistent="false"
    PrecisionRule="true"
    Precision="200"
    Type="java.lang.String"
    ColumnType="VARCHAR2"
    AliasName="ATTR1"
    Expression="ATTR1"
    SQLType="VARCHAR">
    <DesignTime>
      <Attr Name="_DisplaySize" Value="200"/>
    </DesignTime>
  </ViewAttribute>
  <ViewAttribute
    Name="InternalStatus"
    IsUpdateable="false"
    IsPersistent="false"
    PrecisionRule="true"
    Precision="200"
    Type="java.lang.String"
    ColumnType="VARCHAR2"
    AliasName="INTERNAL_STATUS"
    Expression="INTERNAL_STATUS"
    SQLType="VARCHAR">
    <DesignTime>
      <Attr Name="_DisplaySize" Value="200"/>
    </DesignTime>
  </ViewAttribute>
  <ViewAttribute
    Name="InvoiceTotAmount"
    IsUpdateable="false"
    IsPersistent="false"
    PrecisionRule="true"
    Type="oracle.jbo.domain.Number"
    ColumnType="NUMBER"
    AliasName="INVOICE_TOT_AMOUNT"
    Expression="INVOICE_TOT_AMOUNT"
    SQLType="NUMERIC">
    <DesignTime>
      <Attr Name="_DisplaySize" Value="39"/>
    </DesignTime>
  </ViewAttribute>
  <ResourceBundle>
    <PropertiesBundle
      PropertiesFile="qantas.com.au.overseas.model.ModelBundle"/>
  </ResourceBundle>
</ViewObject>
