<?xml version="1.0" encoding="windows-1252" ?>
<!DOCTYPE AppModule SYSTEM "jbo_03_01.dtd">
<!---->
<AppModule
  xmlns="http://xmlns.oracle.com/bc4j"
  Name="EQfiles_APModule"
  Version="11.1.1.64.93"
  InheritPersonalization="true"
  ClearCacheOnRollback="true"
  ComponentClass="qantas.com.au.overseas.model.EQfiles_APModuleImpl"
  DefClass="qantas.com.au.overseas.model.EQfiles_APModuleDefImpl"
  ComponentInterface="qantas.com.au.overseas.model.common.EQfiles_APModule"
  ClientProxyName="qantas.com.au.overseas.model.client.EQfiles_APModuleClient">
  <DesignTime>
    <Attr Name="_deployType" Value="0"/>
    <Attr Name="_isDefCodegen" Value="true"/>
    <Attr Name="_isCodegen" Value="true"/>
  </DesignTime>
  <ViewUsage
    Name="ApInvoiceOverseasTableEOView1"
    ViewObjectName="qantas.com.au.overseas.model.ApInvoiceOverseasTableEOView"/>
  <ViewUsage
    Name="ApOverseasLineitemTableEOView1"
    ViewObjectName="qantas.com.au.overseas.model.ApOverseasLineitemTableEOView"/>
  <ViewUsage
    Name="ApOverseasTemplateTableEOView1"
    ViewObjectName="qantas.com.au.overseas.model.ApOverseasTemplateTableEOView"/>
  <ViewUsage
    Name="DuplicateRecordCheckVO1"
    ViewObjectName="qantas.com.au.overseas.model.DuplicateRecordCheckVO1"/>
  <ViewUsage
    Name="DuplicateInvoiceExclusionStatusListVO1Iterator1"
    ViewObjectName="qantas.com.au.overseas.model.DuplicateInvoiceExclusionStatusListVO1Iterator"/>
  <ViewUsage
    Name="eQApproverDetails1"
    ViewObjectName="qantas.com.au.overseas.model.view.eQApproverDetails"/>
  <ViewUsage
    Name="overseas_dup_chk_VO1"
    ViewObjectName="qantas.com.au.overseas.model.overseas_dup_chk_VO"/>
  <ViewUsage
    Name="SitesVO1"
    ViewObjectName="qantas.com.au.overseas.model.SitesVO"/>
  <ClientInterface>
    <Method
      Name="invoiceHeaderLinedataload">
      <Return
        Type="void"/>
    </Method>
    <Method
      Name="addLineItemRow">
      <Return
        Type="void"/>
      <Parameter
        Name="invoiceId"
        Type="java.lang.String"/>
    </Method>
    <Method
      Name="saveAllFormDetails">
      <Return
        Type="void"/>
      <Parameter
        Name="invoiceId"
        Type="java.lang.String"/>
      <Parameter
        Name="siteId"
        Type="java.lang.String"/>
      <Parameter
        Name="supName"
        Type="java.lang.String"/>
      <Parameter
        Name="currency"
        Type="java.lang.String"/>
      <Parameter
        Name="employeeNo"
        Type="java.lang.String"/>
    </Method>
    <Method
      Name="onAddTemplateRow">
      <Return
        Type="void"/>
      <Parameter
        Name="userId"
        Type="java.lang.String"/>
    </Method>
    <Method
      Name="onAddTemplateRow_new">
      <Return
        Type="void"/>
      <Parameter
        Name="userId"
        Type="java.lang.String"/>
    </Method>
    <Method
      Name="saveTemplate">
      <Return
        Type="void"/>
      <Parameter
        Name="userId"
        Type="java.lang.String"/>
      <Parameter
        Name="supName"
        Type="java.lang.String"/>
      <Parameter
        Name="suppNum"
        Type="java.lang.String"/>
      <Parameter
        Name="siteId"
        Type="java.lang.String"/>
      <Parameter
        Name="operatingUnit"
        Type="java.lang.String"/>
      <Parameter
        Name="taxReg"
        Type="java.lang.String"/>
      <Parameter
        Name="invoiceType"
        Type="java.lang.String"/>
      <Parameter
        Name="docType"
        Type="java.lang.String"/>
      <Parameter
        Name="templateName"
        Type="java.lang.String"/>
      <Parameter
        Name="orgId"
        Type="java.lang.String"/>
      <Parameter
        Name="siteName"
        Type="java.lang.String"/>
    </Method>
  </ClientInterface>
</AppModule>
