<?xml version="1.0" encoding="windows-1252" ?>
<!DOCTYPE ViewObject SYSTEM "jbo_03_01.dtd">
<!---->
<ViewObject
  xmlns="http://xmlns.oracle.com/bc4j"
  Name="ExpenditureDateVO"
  Version="12.2.1.9.14"
  InheritPersonalization="true"
  BindingStyle="OracleName"
  CustomQuery="true"
  PageIterMode="Full">
  <DesignTime>
    <Attr Name="_isExpertMode" Value="true"/>
  </DesignTime>
  <Properties>
    <SchemaBasedProperties>
      <LABEL
        ResId="qantas.com.au.overseas.model.ExpenditureDateVO_LABEL"/>
    </SchemaBasedProperties>
  </Properties>
  <Variable
    Name="bindProjectId"
    Kind="where"
    Type="java.lang.String"/>
  <Variable
    Name="bindTaskId"
    Kind="where"
    Type="java.lang.String"/>
  <Variable
    Name="bindOrgId"
    Kind="where"
    Type="java.lang.String"/>
  <Variable
    Name="bindExpenditureDate"
    Kind="where"
    Type="java.lang.String"/>
  <Variable
    Name="bindOrg"
    Kind="where"
    Type="java.lang.String"/>
  <SQLQuery><![CDATA[select * from (SELECT qfeq_ap_inv_img_process.validate_project_dtl(:bindProjectId, :bindTaskId, :bindOrgId, :bindExpenditureDate) as validExpenditureDateReason 
,'QF' as org FROM dual) where org=:bindOrg 
union all 
select * from (SELECT jseq_ap_inv_img_process.validate_project_dtl(:bindProjectId, :bindTaskId, :bindOrgId, :bindExpenditureDate) as validExpenditureDateReason  
,'JS' as org FROM dual) where org=:bindOrg]]></SQLQuery>
  <ViewAttribute
    Name="Validexpendituredatereason"
    IsUpdateable="false"
    IsPersistent="false"
    PrecisionRule="true"
    Precision="255"
    Type="java.lang.String"
    ColumnType="VARCHAR2"
    AliasName="VALIDEXPENDITUREDATEREASON"
    Expression="VALIDEXPENDITUREDATEREASON"
    SQLType="VARCHAR">
    <DesignTime>
      <Attr Name="_DisplaySize" Value="4000"/>
    </DesignTime>
  </ViewAttribute>
  <ViewAttribute
    Name="Org"
    IsUpdateable="false"
    IsPersistent="false"
    PrecisionRule="true"
    Precision="2"
    Type="java.lang.String"
    ColumnType="CHAR"
    AliasName="ORG"
    Expression="ORG"
    SQLType="CHAR">
    <DesignTime>
      <Attr Name="_DisplaySize" Value="2"/>
    </DesignTime>
  </ViewAttribute>
  <ResourceBundle>
    <PropertiesBundle
      PropertiesFile="qantas.com.au.overseas.model.ModelBundle"/>
  </ResourceBundle>
</ViewObject>
