<?xml version="1.0" encoding="windows-1252" ?>
<!DOCTYPE ViewObject SYSTEM "jbo_03_01.dtd">
<!---->
<ViewObject
  xmlns="http://xmlns.oracle.com/bc4j"
  Name="ExpenditureTypeVO"
  Version="11.1.1.64.93"
  InheritPersonalization="true"
  BindingStyle="OracleName"
  CustomQuery="true"
  PageIterMode="Full"
  UseGlueCode="false">
  <DesignTime>
    <Attr Name="_isExpertMode" Value="true"/>
  </DesignTime>
  <Properties>
    <SchemaBasedProperties>
      <LABEL
        ResId="qantas.com.au.overseas.model.ExpenditureTypeVO_LABEL"/>
    </SchemaBasedProperties>
  </Properties>
  <Variable
    Name="bindProjectId"
    Kind="where"
    Type="java.lang.String"/>
  <Variable
    Name="bindTaskId"
    Kind="where"
    Type="java.lang.String"/>
  <Variable
    Name="bindExpType"
    Kind="where"
    Type="java.lang.String"/>
  <Variable
    Name="bindExpDate"
    Kind="where"
    Type="java.lang.String"/>
  <SQLQuery>
    <![CDATA[SELECT EXPENDITURE_TYPE, EXPENDITURE_CATEGORY ,:bindProjectId as ProjectId,:bindTaskId as TaskId,:bindExpDate as ExpenditureDate
  FROM TABLE(qfeq_ap_inv_img_process.get_expenditure_types(:bindProjectId, :bindTaskId,:bindExpDate))]]>
  </SQLQuery>
  <ViewAttribute
    Name="ExpenditureType"
    IsUpdateable="false"
    IsPersistent="false"
    PrecisionRule="true"
    Precision="255"
    Type="java.lang.String"
    ColumnType="VARCHAR2"
    AliasName="EXPENDITURE_TYPE"
    Expression="EXPENDITURE_TYPE"
    SQLType="VARCHAR">
    <DesignTime>
      <Attr Name="_DisplaySize" Value="30"/>
    </DesignTime>
  </ViewAttribute>
  <ViewAttribute
    Name="ExpenditureCategory"
    IsUpdateable="false"
    IsPersistent="false"
    PrecisionRule="true"
    Precision="30"
    Type="java.lang.String"
    ColumnType="VARCHAR2"
    AliasName="EXPENDITURE_CATEGORY"
    Expression="EXPENDITURE_CATEGORY"
    SQLType="VARCHAR">
    <DesignTime>
      <Attr Name="_DisplaySize" Value="30"/>
    </DesignTime>
  </ViewAttribute>
  <ViewAttribute
    Name="Projectid"
    IsUpdateable="false"
    IsPersistent="false"
    PrecisionRule="true"
    Precision="32"
    Type="java.lang.String"
    ColumnType="VARCHAR2"
    AliasName="PROJECTID"
    Expression="PROJECTID"
    SQLType="VARCHAR">
    <DesignTime>
      <Attr Name="_DisplaySize" Value="32"/>
    </DesignTime>
  </ViewAttribute>
  <ViewAttribute
    Name="Taskid"
    IsUpdateable="false"
    IsPersistent="false"
    PrecisionRule="true"
    Precision="32"
    Type="java.lang.String"
    ColumnType="VARCHAR2"
    AliasName="TASKID"
    Expression="TASKID"
    SQLType="VARCHAR">
    <DesignTime>
      <Attr Name="_DisplaySize" Value="32"/>
    </DesignTime>
  </ViewAttribute>
  <ViewAttribute
    Name="Expendituredate"
    IsUpdateable="false"
    IsPersistent="false"
    PrecisionRule="true"
    Precision="32"
    Type="java.lang.String"
    ColumnType="VARCHAR2"
    AliasName="EXPENDITUREDATE"
    Expression="EXPENDITUREDATE"
    SQLType="VARCHAR">
    <DesignTime>
      <Attr Name="_DisplaySize" Value="32"/>
    </DesignTime>
  </ViewAttribute>
  <ViewCriteria
    Name="ExpenditureTypeVOCriteria"
    ViewObjectName="qantas.com.au.overseas.model.ExpenditureTypeVO"
    Conjunction="AND">
    <Properties>
      <CustomProperties>
        <Property
          Name="displayOperators"
          Value="InAdvancedMode"/>
        <Property
          Name="autoExecute"
          Value="false"/>
        <Property
          Name="allowConjunctionOverride"
          Value="true"/>
        <Property
          Name="showInList"
          Value="true"/>
        <Property
          Name="mode"
          Value="Basic"/>
      </CustomProperties>
    </Properties>
    <ViewCriteriaRow
      Name="vcrow213"
      UpperColumns="1">
      <ViewCriteriaItem
        Name="ExpenditureType"
        ViewAttribute="ExpenditureType"
        Operator="STARTSWITH"
        Conjunction="AND"
        Value=":bindExpType"
        IsBindVarValue="true"
        Required="Optional"/>
      <ViewCriteriaItem
        Name="Projectid"
        ViewAttribute="Projectid"
        Operator="="
        Conjunction="AND"
        Required="Optional"
        Value=":bindProjectId"
        IsBindVarValue="true"/>
      <ViewCriteriaItem
        Name="Taskid"
        ViewAttribute="Taskid"
        Operator="="
        Conjunction="AND"
        Value=":bindTaskId"
        IsBindVarValue="true"
        Required="Optional"/>
      <ViewCriteriaItem
        Name="Expendituredate"
        ViewAttribute="Expendituredate"
        Operator="="
        Conjunction="AND"
        Value=":bindExpDate"
        IsBindVarValue="true"
        Required="Optional"/>
    </ViewCriteriaRow>
  </ViewCriteria>
  <ViewCriteria
    Name="ExpenditureTypeVOCriteria1"
    ViewObjectName="qantas.com.au.overseas.model.ExpenditureTypeVO"
    Conjunction="AND">
    <Properties>
      <CustomProperties>
        <Property
          Name="displayOperators"
          Value="InAdvancedMode"/>
        <Property
          Name="autoExecute"
          Value="false"/>
        <Property
          Name="allowConjunctionOverride"
          Value="true"/>
        <Property
          Name="showInList"
          Value="true"/>
        <Property
          Name="mode"
          Value="Basic"/>
      </CustomProperties>
    </Properties>
    <ViewCriteriaRow
      Name="vcrow235"
      UpperColumns="1">
      <ViewCriteriaItem
        Name="Projectid"
        ViewAttribute="Projectid"
        Operator="="
        Conjunction="AND"
        Value=":bindProjectId"
        IsBindVarValue="true"
        Required="Optional"/>
      <ViewCriteriaItem
        Name="Taskid"
        ViewAttribute="Taskid"
        Operator="="
        Conjunction="AND"
        Value=":bindTaskId"
        IsBindVarValue="true"
        Required="Optional"/>
    </ViewCriteriaRow>
  </ViewCriteria>
  <ViewCriteria
    Name="ExpenditureTypeVOCriteria2"
    ViewObjectName="qantas.com.au.overseas.model.ExpenditureTypeVO"
    Conjunction="AND">
    <Properties>
      <CustomProperties>
        <Property
          Name="displayOperators"
          Value="InAdvancedMode"/>
        <Property
          Name="autoExecute"
          Value="false"/>
        <Property
          Name="allowConjunctionOverride"
          Value="true"/>
        <Property
          Name="showInList"
          Value="true"/>
        <Property
          Name="mode"
          Value="Basic"/>
      </CustomProperties>
    </Properties>
    <ViewCriteriaRow
      Name="vcrow254"
      UpperColumns="1">
      <ViewCriteriaItem
        Name="ExpenditureType"
        ViewAttribute="ExpenditureType"
        Operator="="
        Conjunction="AND"
        Value=":bindExpType"
        IsBindVarValue="true"
        Required="Optional"/>
      <ViewCriteriaItem
        Name="Projectid"
        ViewAttribute="Projectid"
        Operator="="
        Conjunction="AND"
        Value=":bindProjectId"
        IsBindVarValue="true"
        Required="Optional"/>
      <ViewCriteriaItem
        Name="Taskid"
        ViewAttribute="Taskid"
        Operator="="
        Conjunction="AND"
        Value=":bindTaskId"
        IsBindVarValue="true"
        Required="Optional"/>
      <ViewCriteriaItem
        Name="Expendituredate"
        ViewAttribute="Expendituredate"
        Operator="="
        Conjunction="AND"
        Value=":bindExpDate"
        IsBindVarValue="true"
        Required="Optional"/>
    </ViewCriteriaRow>
  </ViewCriteria>
  <ResourceBundle>
    <PropertiesBundle
      PropertiesFile="qantas.com.au.overseas.model.ModelBundle"/>
  </ResourceBundle>
</ViewObject>
