<?xml version="1.0" encoding="windows-1252" ?>
<!DOCTYPE ViewObject SYSTEM "jbo_03_01.dtd">
<!---->
<ViewObject
  xmlns="http://xmlns.oracle.com/bc4j"
  Name="ExpenditureOrgVO"
  Version="11.1.1.64.93"
  InheritPersonalization="true"
  BindingStyle="OracleName"
  CustomQuery="true"
  PageIterMode="Full"
  UseGlueCode="false">
  <DesignTime>
    <Attr Name="_isExpertMode" Value="true"/>
  </DesignTime>
  <Properties>
    <SchemaBasedProperties>
      <LABEL
        ResId="qantas.com.au.overseas.model.ExpenditureOrgVO_LABEL"/>
    </SchemaBasedProperties>
  </Properties>
  <Variable
    Name="bind_expOrg"
    Kind="viewcriteria"
    Type="java.lang.String"/>
  <Variable
    Name="bindOrgID"
    Kind="viewcriteria"
    Type="java.lang.String"/>
  <SQLQuery>
    <![CDATA[SELECT DISTINCT 
       hou.NAME expenditure_org
      ,hou.date_from start_date
      ,hopu.NAME operating_unit_name
      ,hopu.organization_id org_id
  FROM apps.hr_organization_units       hou
      ,apps.hr_organization_information hoi
      ,apps.fnd_flex_values             ffv2
      ,apps.fnd_flex_values_tl          ffvt2
      ,apps.fnd_flex_value_sets         ffvs2
      ,apps.hr_operating_units          hopu
 WHERE hoi.org_information1 = 'PA_EXPENDITURE_ORG'
   AND hou.organization_id = hoi.organization_id
   AND ffv2.flex_value_set_id = ffvs2.flex_value_set_id
   AND ffv2.flex_value_id = ffvt2.flex_value_id
   AND ffvs2.flex_value_set_name = 'QFEQGL_Centre'
   AND hou.NAME LIKE ffv2.flex_value || '%'
   AND hopu.NAME = ffv2.attribute6
   AND (hou.date_to IS NULL OR hou.date_to > trunc(SYSDATE))]]>
  </SQLQuery>
  <ViewAttribute
    Name="ExpenditureOrg"
    IsUpdateable="false"
    IsPersistent="false"
    IsNotNull="true"
    PrecisionRule="true"
    Precision="255"
    Type="java.lang.String"
    ColumnType="VARCHAR2"
    AliasName="EXPENDITURE_ORG"
    Expression="EXPENDITURE_ORG"
    SQLType="VARCHAR">
    <DesignTime>
      <Attr Name="_DisplaySize" Value="240"/>
    </DesignTime>
  </ViewAttribute>
  <ViewAttribute
    Name="StartDate"
    IsUpdateable="false"
    IsPersistent="false"
    IsNotNull="true"
    PrecisionRule="true"
    Type="oracle.jbo.domain.Date"
    ColumnType="DATE"
    AliasName="START_DATE"
    Expression="START_DATE"
    SQLType="TIMESTAMP">
    <DesignTime>
      <Attr Name="_DisplaySize" Value="7"/>
    </DesignTime>
  </ViewAttribute>
  <ViewAttribute
    Name="OperatingUnitName"
    IsUpdateable="false"
    IsPersistent="false"
    IsNotNull="true"
    PrecisionRule="true"
    Precision="240"
    Type="java.lang.String"
    ColumnType="VARCHAR2"
    AliasName="OPERATING_UNIT_NAME"
    Expression="OPERATING_UNIT_NAME"
    SQLType="VARCHAR">
    <DesignTime>
      <Attr Name="_DisplaySize" Value="240"/>
    </DesignTime>
  </ViewAttribute>
  <ViewAttribute
    Name="OrgId"
    IsUpdateable="false"
    IsPersistent="false"
    IsNotNull="true"
    PrecisionRule="true"
    Precision="15"
    Scale="0"
    Type="oracle.jbo.domain.Number"
    ColumnType="NUMBER"
    AliasName="ORG_ID"
    Expression="ORG_ID"
    SQLType="NUMERIC">
    <DesignTime>
      <Attr Name="_DisplaySize" Value="16"/>
    </DesignTime>
  </ViewAttribute>
  <ViewCriteria
    Name="ExpenditureOrgVOCriteria"
    ViewObjectName="qantas.com.au.overseas.model.ExpenditureOrgVO"
    Conjunction="AND">
    <Properties>
      <CustomProperties>
        <Property
          Name="displayOperators"
          Value="InAdvancedMode"/>
        <Property
          Name="autoExecute"
          Value="false"/>
        <Property
          Name="allowConjunctionOverride"
          Value="true"/>
        <Property
          Name="showInList"
          Value="true"/>
        <Property
          Name="mode"
          Value="Basic"/>
      </CustomProperties>
    </Properties>
    <ViewCriteriaRow
      Name="vcrow208"
      UpperColumns="1">
      <ViewCriteriaItem
        Name="ExpenditureOrgVOCriteria_vcrow208_ExpenditureOrg"
        ViewAttribute="ExpenditureOrg"
        Operator="CONTAINS"
        Conjunction="AND"
        Value=":bind_expOrg"
        IsBindVarValue="true"
        Required="Optional"/>
      <ViewCriteriaItem
        Name="OrgId"
        ViewAttribute="OrgId"
        Operator="="
        Conjunction="AND"
        Value=":bindOrgID"
        IsBindVarValue="true"
        Required="Optional"/>
    </ViewCriteriaRow>
  </ViewCriteria>
  <ViewCriteria
    Name="ExpenditureOrgVOCriteria1"
    ViewObjectName="qantas.com.au.overseas.model.ExpenditureOrgVO"
    Conjunction="AND">
    <Properties>
      <CustomProperties>
        <Property
          Name="displayOperators"
          Value="InAdvancedMode"/>
        <Property
          Name="autoExecute"
          Value="false"/>
        <Property
          Name="allowConjunctionOverride"
          Value="true"/>
        <Property
          Name="showInList"
          Value="true"/>
        <Property
          Name="mode"
          Value="Basic"/>
      </CustomProperties>
    </Properties>
    <ViewCriteriaRow
      Name="vcrow235"
      UpperColumns="1">
      <ViewCriteriaItem
        Name="ExpenditureOrgVOCriteria1_vcrow235_ExpenditureOrg"
        ViewAttribute="ExpenditureOrg"
        Operator="="
        Conjunction="AND"
        Value=":bind_expOrg"
        IsBindVarValue="true"
        Required="Optional"/>
      <ViewCriteriaItem
        Name="OrgId"
        ViewAttribute="OrgId"
        Operator="="
        Conjunction="AND"
        Value=":bindOrgID"
        IsBindVarValue="true"
        Required="Optional"/>
    </ViewCriteriaRow>
  </ViewCriteria>
  <ViewCriteria
    Name="ExpenditureOrgVOCriteria_filterByExpOrg"
    ViewObjectName="qantas.com.au.overseas.model.ExpenditureOrgVO"
    Conjunction="AND">
    <Properties>
      <CustomProperties>
        <Property
          Name="displayOperators"
          Value="InAdvancedMode"/>
        <Property
          Name="autoExecute"
          Value="false"/>
        <Property
          Name="allowConjunctionOverride"
          Value="true"/>
        <Property
          Name="showInList"
          Value="true"/>
        <Property
          Name="mode"
          Value="Basic"/>
      </CustomProperties>
    </Properties>
    <ViewCriteriaRow
      Name="vcrow282"
      UpperColumns="1">
      <ViewCriteriaItem
        Name="ExpenditureOrgVOCriteria_filterByExpOrg_vcrow282_ExpenditureOrg"
        ViewAttribute="ExpenditureOrg"
        Operator="="
        Conjunction="AND"
        Value=":bind_expOrg"
        IsBindVarValue="true"
        Required="Optional"/>
      <ViewCriteriaItem
        Name="OrgId"
        ViewAttribute="OrgId"
        Operator="="
        Conjunction="AND"
        Value=":bindOrgID"
        IsBindVarValue="true"
        Required="Optional"/>
    </ViewCriteriaRow>
  </ViewCriteria>
  <ResourceBundle>
    <PropertiesBundle
      PropertiesFile="qantas.com.au.overseas.model.ModelBundle"/>
  </ResourceBundle>
</ViewObject>
