<?xml version="1.0" encoding="windows-1252" ?>
<!DOCTYPE ViewObject SYSTEM "jbo_03_01.dtd">
<!---->
<ViewObject
  xmlns="http://xmlns.oracle.com/bc4j"
  Name="gl_cc_overseas_suspense_check"
  Version="12.2.1.9.14"
  InheritPersonalization="true"
  BindingStyle="OracleName"
  CustomQuery="true"
  PageIterMode="Full">
  <DesignTime>
    <Attr Name="_isExpertMode" Value="true"/>
  </DesignTime>
  <Properties>
    <SchemaBasedProperties>
      <LABEL
        ResId="qantas.com.au.overseas.model.gl_cc_overseas_suspense_check_LABEL"/>
    </SchemaBasedProperties>
  </Properties>
  <Variable
    Name="bind_p_code_combo"
    Kind="where"
    Type="java.lang.String"/>
  <Variable
    Name="bind_p_org_id"
    Kind="where"
    Type="java.lang.String"/>
  <Variable
    Name="bindOrg"
    Kind="where"
    Type="java.lang.String"/>
  <SQLQuery><![CDATA[select * from  (SELECT qfeq_ap_inv_img_process.gl_cc_overseas_suspense_check(:bind_p_code_combo,:bind_p_org_id) as validGL_suspenseCheck, 'QF' as org FROM dual) where org=:bindOrg       
union all       
select * from (SELECT jseq_ap_inv_img_process.gl_code_combo_validation(:bind_p_code_combo,:bind_p_org_id) as validGL_suspenseCheck,'JS' as org FROM dual) where org=:bindOrg]]></SQLQuery>
  <ViewAttribute
    Name="ValidglSuspensecheck"
    IsUpdateable="false"
    IsPersistent="false"
    PrecisionRule="true"
    Precision="255"
    Type="java.lang.String"
    ColumnType="VARCHAR2"
    AliasName="VALIDGL_SUSPENSECHECK"
    Expression="VALIDGL_SUSPENSECHECK"
    SQLType="VARCHAR">
    <DesignTime>
      <Attr Name="_DisplaySize" Value="4000"/>
    </DesignTime>
  </ViewAttribute>
  <ViewAttribute
    Name="Org"
    IsUpdateable="false"
    IsPersistent="false"
    PrecisionRule="true"
    Type="java.lang.String"
    AliasName="ORG"
    SQLType="VARCHAR"
    Expression="ORG"
    ColumnType="CHAR"
    Precision="2"/>
  <ResourceBundle>
    <PropertiesBundle
      PropertiesFile="qantas.com.au.overseas.model.ModelBundle"/>
  </ResourceBundle>
</ViewObject>
