<?xml version="1.0" encoding="windows-1252" ?>
<!DOCTYPE ViewObject SYSTEM "jbo_03_01.dtd">
<!---->
<ViewObject
  xmlns="http://xmlns.oracle.com/bc4j"
  Name="overseas_dup_chk_VO"
  Version="11.1.1.64.93"
  InheritPersonalization="true"
  BindingStyle="OracleName"
  CustomQuery="true"
  PageIterMode="Full"
  UseGlueCode="false">
  <DesignTime>
    <Attr Name="_isExpertMode" Value="true"/>
  </DesignTime>
  <Properties>
    <SchemaBasedProperties>
      <LABEL
        ResId="qantas.com.au.overseas.model.overseas_dup_chk_VO_LABEL"/>
    </SchemaBasedProperties>
  </Properties>
  <Variable
    Name="bind_invoice_no"
    Kind="where"
    Type="java.lang.String"/>
  <Variable
    Name="bind_supplier_id"
    Kind="where"
    Type="java.lang.String"/>
  <Variable
    Name="bind_site_id"
    Kind="where"
    Type="java.lang.String"/>
  <Variable
    Name="bind_invoice_dt"
    Kind="where"
    Type="java.lang.String"/>
  <Variable
    Name="bind_invoice_amt"
    Kind="where"
    Type="java.lang.String"/>
  <SQLQuery>
    <![CDATA[select qfeqif_ap_dplict_inv_chk_pkg.qfeqif_ap_dup_inv_chk(:bind_invoice_no,:bind_supplier_id,:bind_site_id,:bind_invoice_dt,:bind_invoice_amt ) as flag from dual]]>
  </SQLQuery>
  <ViewAttribute
    Name="Flag"
    IsUpdateable="false"
    IsPersistent="false"
    PrecisionRule="true"
    Type="oracle.jbo.domain.Number"
    ColumnType="NUMBER"
    AliasName="FLAG"
    Expression="FLAG"
    SQLType="NUMERIC">
    <DesignTime>
      <Attr Name="_DisplaySize" Value="22"/>
    </DesignTime>
  </ViewAttribute>
  <ResourceBundle>
    <PropertiesBundle
      PropertiesFile="qantas.com.au.overseas.model.ModelBundle"/>
  </ResourceBundle>
</ViewObject>
