<?xml version="1.0" encoding="windows-1252" ?>
<!DOCTYPE ViewObject SYSTEM "jbo_03_01.dtd">
<!---->
<ViewObject
  xmlns="http://xmlns.oracle.com/bc4j"
  Name="POLineDetailsVO"
  Version="11.1.1.64.93"
  InheritPersonalization="true"
  BindingStyle="OracleName"
  CustomQuery="true"
  PageIterMode="Full"
  UseGlueCode="false">
  <DesignTime>
    <Attr Name="_isExpertMode" Value="true"/>
  </DesignTime>
  <Properties>
    <SchemaBasedProperties>
      <LABEL
        ResId="qantas.com.au.overseas.model.POLineDetailsVO_LABEL"/>
    </SchemaBasedProperties>
  </Properties>
  <Variable
    Name="bindPoLineNum"
    Kind="viewcriteria"
    Type="java.lang.String"/>
  <Variable
    Name="bindPoLineNumber"
    Kind="viewcriteria"
    Type="java.lang.String"/>
  <SQLQuery>
    <![CDATA[SELECT tab.po_number
      ,tab.line_num
      ,nvl(SUM(CASE
                 WHEN tab.matching_basis = 'QUANTITY' THEN
                  tab.quantity
                 ELSE
                  NULL
               END)
          ,1) quantity
      ,
       -- tab.line_quantity,
       tab.uom
      ,nvl(SUM(CASE
                 WHEN tab.matching_basis = 'AMOUNT' THEN
                  tab.unit_price
                 ELSE
                  NULL
               END)
          ,tab.unit_price) unit_price
      ,tab.vendor_id
      ,tab.vendor_site_id
      ,tab.org_id
      ,tab.item_description
  FROM (SELECT pha.segment1 po_number
              ,pha.vendor_id
              ,pha.vendor_site_id
              ,pha.org_id
              ,pla.line_num
              ,pla.quantity line_quantity
              ,pla.amount
              ,pla.matching_basis
              ,pla.item_description
              ,pha.po_header_id
              ,CASE
                 WHEN pla.matching_basis = 'AMOUNT' THEN
                  1
                 WHEN pla.matching_basis = 'QUANTITY' THEN
                  (CASE
                 WHEN (plla.quantity - plla.quantity_billed) < 0 THEN
                  0
                 ELSE
                  (plla.quantity - plla.quantity_billed)
               END) END quantity
              ,CASE
                 WHEN pla.matching_basis = 'QUANTITY' THEN
                  pla.unit_price
                 WHEN pla.matching_basis = 'AMOUNT' THEN
                  (CASE
                 WHEN (plla.amount - plla.amount_billed) < 0 THEN
                  0
                 ELSE
                  (plla.amount - plla.amount_billed)
               END) END unit_price
              ,pla.unit_meas_lookup_code uom
              ,(SELECT NAME
                  FROM apps.hr_organization_units
                 WHERE organization_id = pla.org_id) operating_unit
          FROM apps.po_headers_all        pha
              ,apps.po_lines_all          pla
              ,apps.po_line_locations_all plla
         WHERE pha.po_header_id = pla.po_header_id
           AND plla.po_header_id = pha.po_header_id
           AND plla.po_line_id = pla.po_line_id
           AND pha.authorization_status NOT IN
               ('INCOMPLETE', 'REQUIRES REAPPROVAL')
        --AND PHA.ATTRIBUTE_CATEGORY = 'AVIATION FUEL'
        ) tab
 WHERE 1 = 1
 GROUP BY tab.po_number
         ,tab.line_num
         ,tab.uom
         ,tab.line_quantity
         ,unit_price
         ,org_id
         ,tab.vendor_id
         ,tab.vendor_site_id
         ,tab.item_description]]>
  </SQLQuery>
  <ViewAttribute
    Name="PoNumber"
    IsUpdateable="false"
    IsPersistent="false"
    IsNotNull="true"
    PrecisionRule="true"
    Precision="255"
    Type="java.lang.String"
    ColumnType="VARCHAR2"
    AliasName="PO_NUMBER"
    Expression="PO_NUMBER"
    SQLType="VARCHAR">
    <DesignTime>
      <Attr Name="_DisplaySize" Value="20"/>
    </DesignTime>
  </ViewAttribute>
  <ViewAttribute
    Name="LineNum"
    IsUpdateable="false"
    IsPersistent="false"
    IsNotNull="true"
    PrecisionRule="true"
    Type="oracle.jbo.domain.Number"
    ColumnType="NUMBER"
    AliasName="LINE_NUM"
    Expression="LINE_NUM"
    SQLType="NUMERIC">
    <DesignTime>
      <Attr Name="_DisplaySize" Value="39"/>
    </DesignTime>
  </ViewAttribute>
  <ViewAttribute
    Name="Quantity"
    IsUpdateable="false"
    IsPersistent="false"
    PrecisionRule="true"
    Type="oracle.jbo.domain.Number"
    ColumnType="NUMBER"
    AliasName="QUANTITY"
    Expression="QUANTITY"
    SQLType="NUMERIC">
    <DesignTime>
      <Attr Name="_DisplaySize" Value="39"/>
    </DesignTime>
  </ViewAttribute>
  <ViewAttribute
    Name="Uom"
    IsUpdateable="false"
    IsPersistent="false"
    PrecisionRule="true"
    Precision="25"
    Type="java.lang.String"
    ColumnType="VARCHAR2"
    AliasName="UOM"
    Expression="UOM"
    SQLType="VARCHAR">
    <DesignTime>
      <Attr Name="_DisplaySize" Value="25"/>
    </DesignTime>
  </ViewAttribute>
  <ViewAttribute
    Name="UnitPrice"
    IsUpdateable="false"
    IsPersistent="false"
    PrecisionRule="true"
    Type="oracle.jbo.domain.Number"
    ColumnType="NUMBER"
    AliasName="UNIT_PRICE"
    Expression="UNIT_PRICE"
    SQLType="NUMERIC">
    <DesignTime>
      <Attr Name="_DisplaySize" Value="39"/>
    </DesignTime>
  </ViewAttribute>
  <ViewAttribute
    Name="VendorId"
    IsUpdateable="false"
    IsPersistent="false"
    PrecisionRule="true"
    Type="oracle.jbo.domain.Number"
    ColumnType="NUMBER"
    AliasName="VENDOR_ID"
    Expression="VENDOR_ID"
    SQLType="NUMERIC">
    <DesignTime>
      <Attr Name="_DisplaySize" Value="39"/>
    </DesignTime>
  </ViewAttribute>
  <ViewAttribute
    Name="VendorSiteId"
    IsUpdateable="false"
    IsPersistent="false"
    PrecisionRule="true"
    Type="oracle.jbo.domain.Number"
    ColumnType="NUMBER"
    AliasName="VENDOR_SITE_ID"
    Expression="VENDOR_SITE_ID"
    SQLType="NUMERIC">
    <DesignTime>
      <Attr Name="_DisplaySize" Value="39"/>
    </DesignTime>
  </ViewAttribute>
  <ViewAttribute
    Name="OrgId"
    IsUpdateable="false"
    IsPersistent="false"
    PrecisionRule="true"
    Type="oracle.jbo.domain.Number"
    ColumnType="NUMBER"
    AliasName="ORG_ID"
    Expression="ORG_ID"
    SQLType="NUMERIC">
    <DesignTime>
      <Attr Name="_DisplaySize" Value="39"/>
    </DesignTime>
  </ViewAttribute>
  <ViewAttribute
    Name="ItemDescription"
    IsUpdateable="false"
    IsPersistent="false"
    PrecisionRule="true"
    Precision="240"
    Type="java.lang.String"
    ColumnType="VARCHAR2"
    AliasName="ITEM_DESCRIPTION"
    Expression="ITEM_DESCRIPTION"
    SQLType="VARCHAR">
    <DesignTime>
      <Attr Name="_DisplaySize" Value="240"/>
    </DesignTime>
  </ViewAttribute>
  <ViewCriteria
    Name="POLineDetailsVOCriteria"
    ViewObjectName="qantas.com.au.overseas.model.POLineDetailsVO"
    Conjunction="AND">
    <Properties>
      <CustomProperties>
        <Property
          Name="displayOperators"
          Value="InAdvancedMode"/>
        <Property
          Name="autoExecute"
          Value="false"/>
        <Property
          Name="allowConjunctionOverride"
          Value="true"/>
        <Property
          Name="showInList"
          Value="true"/>
        <Property
          Name="mode"
          Value="Basic"/>
      </CustomProperties>
    </Properties>
    <ViewCriteriaRow
      Name="vcrow209"
      UpperColumns="1">
      <ViewCriteriaItem
        Name="PoNumber"
        ViewAttribute="PoNumber"
        Operator="="
        Conjunction="AND"
        Value=":bindPoLineNum"
        IsBindVarValue="true"
        Required="Optional"/>
    </ViewCriteriaRow>
  </ViewCriteria>
  <ViewCriteria
    Name="POLineDetailsVOCriteria_lookupForLineNum"
    ViewObjectName="qantas.com.au.overseas.model.POLineDetailsVO"
    Conjunction="AND">
    <Properties>
      <CustomProperties>
        <Property
          Name="displayOperators"
          Value="InAdvancedMode"/>
        <Property
          Name="autoExecute"
          Value="false"/>
        <Property
          Name="allowConjunctionOverride"
          Value="true"/>
        <Property
          Name="showInList"
          Value="true"/>
        <Property
          Name="mode"
          Value="Basic"/>
      </CustomProperties>
    </Properties>
    <ViewCriteriaRow
      Name="vcrow217"
      UpperColumns="1">
      <ViewCriteriaItem
        Name="PoNumber"
        ViewAttribute="PoNumber"
        Operator="="
        Conjunction="AND"
        Value=":bindPoLineNum"
        IsBindVarValue="true"
        Required="Optional"/>
      <ViewCriteriaItem
        Name="LineNum"
        ViewAttribute="LineNum"
        Operator="="
        Conjunction="AND"
        Value=":bindPoLineNumber"
        IsBindVarValue="true"
        Required="Optional"/>
    </ViewCriteriaRow>
  </ViewCriteria>
  <ResourceBundle>
    <PropertiesBundle
      PropertiesFile="qantas.com.au.overseas.model.ModelBundle"/>
  </ResourceBundle>
</ViewObject>
