<?xml version="1.0" encoding="windows-1252" ?>
<!DOCTYPE ViewObject SYSTEM "jbo_03_01.dtd">
<!---->
<ViewObject
  xmlns="http://xmlns.oracle.com/bc4j"
  Name="PoNoCertifierVO"
  Version="11.1.1.64.93"
  InheritPersonalization="true"
  BindingStyle="OracleName"
  CustomQuery="true"
  PageIterMode="Full"
  UseGlueCode="false">
  <DesignTime>
    <Attr Name="_isExpertMode" Value="true"/>
  </DesignTime>
  <Properties>
    <SchemaBasedProperties>
      <LABEL
        ResId="qantas.com.au.overseas.model.PoNoCertifierVO_LABEL"/>
    </SchemaBasedProperties>
  </Properties>
  <Variable
    Name="bindPONum"
    Kind="viewcriteria"
    Type="java.lang.String"/>
  <Variable
    Name="bindOperatingUnit"
    Kind="viewcriteria"
    Type="java.lang.String"/>
  <Variable
    Name="bindSupplierName"
    Kind="viewcriteria"
    Type="java.lang.String"/>
  <Variable
    Name="bindSiteID"
    Kind="viewcriteria"
    Type="java.lang.String"/>
  <SQLQuery>
    <![CDATA[SELECT hou.name operating_unit,
       pha.segment1 po_num,
       pha.type_lookup_code po_type,
       pha.creation_date,
       flv.meaning PO_STATUS,
       aps.segment1 vendor_number,
       aps.vendor_name,
       assa.vendor_site_id,
       assa.vendor_site_code,
       pha.closed_code,
       pha.cancel_flag
  FROM apps.ap_suppliers              aps,
       apps.ap_supplier_sites_all     assa,
       apps.hr_all_organization_units hou,
       apps.po_headers_all            pha,
       apps.fnd_lookup_values         flv
 WHERE aps.vendor_id = assa.vendor_id
   AND assa.org_id = hou.organization_id
   AND aps.vendor_type_lookup_code NOT IN ('CUSTOMER CARE', 'EMPLOYEE')
   AND pha.authorization_status NOT IN
       ('INCOMPLETE', 'REQUIRES REAPPROVAL')
   AND pha.type_lookup_code NOT IN ('CONTRACT', 'BLANKET')
   AND pha.attribute_category IS NULL
   AND pha.vendor_site_id = assa.vendor_site_id
   AND pha.authorization_status = flv.lookup_code
   AND flv.lookup_type = 'AUTHORIZATION STATUS'
   AND closed_code = 'OPEN'
   AND NVL(cancel_flag, 'N') <> 'Y']]>
  </SQLQuery>
  <ViewAttribute
    Name="OperatingUnit"
    IsUpdateable="false"
    IsPersistent="false"
    IsNotNull="true"
    PrecisionRule="true"
    Precision="255"
    Type="java.lang.String"
    ColumnType="VARCHAR2"
    AliasName="OPERATING_UNIT"
    Expression="OPERATING_UNIT"
    SQLType="VARCHAR">
    <DesignTime>
      <Attr Name="_DisplaySize" Value="240"/>
    </DesignTime>
  </ViewAttribute>
  <ViewAttribute
    Name="PoNum"
    IsUpdateable="false"
    IsPersistent="false"
    IsNotNull="true"
    PrecisionRule="true"
    Precision="20"
    Type="java.lang.String"
    ColumnType="VARCHAR2"
    AliasName="PO_NUM"
    Expression="PO_NUM"
    SQLType="VARCHAR">
    <DesignTime>
      <Attr Name="_DisplaySize" Value="20"/>
    </DesignTime>
  </ViewAttribute>
  <ViewAttribute
    Name="PoType"
    IsUpdateable="false"
    IsPersistent="false"
    IsNotNull="true"
    PrecisionRule="true"
    Precision="25"
    Type="java.lang.String"
    ColumnType="VARCHAR2"
    AliasName="PO_TYPE"
    Expression="PO_TYPE"
    SQLType="VARCHAR">
    <DesignTime>
      <Attr Name="_DisplaySize" Value="25"/>
    </DesignTime>
  </ViewAttribute>
  <ViewAttribute
    Name="CreationDate"
    IsUpdateable="false"
    IsPersistent="false"
    PrecisionRule="true"
    Type="oracle.jbo.domain.Date"
    ColumnType="DATE"
    AliasName="CREATION_DATE"
    Expression="CREATION_DATE"
    SQLType="TIMESTAMP">
    <DesignTime>
      <Attr Name="_DisplaySize" Value="7"/>
    </DesignTime>
  </ViewAttribute>
  <ViewAttribute
    Name="PoStatus"
    IsUpdateable="false"
    IsPersistent="false"
    IsNotNull="true"
    PrecisionRule="true"
    Precision="80"
    Type="java.lang.String"
    ColumnType="VARCHAR2"
    AliasName="PO_STATUS"
    Expression="PO_STATUS"
    SQLType="VARCHAR">
    <DesignTime>
      <Attr Name="_DisplaySize" Value="80"/>
    </DesignTime>
  </ViewAttribute>
  <ViewAttribute
    Name="VendorNumber"
    IsUpdateable="false"
    IsPersistent="false"
    IsNotNull="true"
    PrecisionRule="true"
    Precision="30"
    Type="java.lang.String"
    ColumnType="VARCHAR2"
    AliasName="VENDOR_NUMBER"
    Expression="VENDOR_NUMBER"
    SQLType="VARCHAR">
    <DesignTime>
      <Attr Name="_DisplaySize" Value="30"/>
    </DesignTime>
  </ViewAttribute>
  <ViewAttribute
    Name="VendorName"
    IsUpdateable="false"
    IsPersistent="false"
    PrecisionRule="true"
    Precision="240"
    Type="java.lang.String"
    ColumnType="VARCHAR2"
    AliasName="VENDOR_NAME"
    Expression="VENDOR_NAME"
    SQLType="VARCHAR">
    <DesignTime>
      <Attr Name="_DisplaySize" Value="240"/>
    </DesignTime>
  </ViewAttribute>
  <ViewAttribute
    Name="VendorSiteId"
    IsUpdateable="false"
    IsPersistent="false"
    IsNotNull="true"
    PrecisionRule="true"
    Type="oracle.jbo.domain.Number"
    ColumnType="NUMBER"
    AliasName="VENDOR_SITE_ID"
    Expression="VENDOR_SITE_ID"
    SQLType="NUMERIC">
    <DesignTime>
      <Attr Name="_DisplaySize" Value="39"/>
    </DesignTime>
  </ViewAttribute>
  <ViewAttribute
    Name="VendorSiteCode"
    IsUpdateable="false"
    IsPersistent="false"
    IsNotNull="true"
    PrecisionRule="true"
    Precision="15"
    Type="java.lang.String"
    ColumnType="VARCHAR2"
    AliasName="VENDOR_SITE_CODE"
    Expression="VENDOR_SITE_CODE"
    SQLType="VARCHAR">
    <DesignTime>
      <Attr Name="_DisplaySize" Value="15"/>
    </DesignTime>
  </ViewAttribute>
  <ViewAttribute
    Name="ClosedCode"
    IsUpdateable="false"
    IsPersistent="false"
    PrecisionRule="true"
    Precision="25"
    Type="java.lang.String"
    ColumnType="VARCHAR2"
    AliasName="CLOSED_CODE"
    Expression="CLOSED_CODE"
    SQLType="VARCHAR">
    <DesignTime>
      <Attr Name="_DisplaySize" Value="25"/>
    </DesignTime>
  </ViewAttribute>
  <ViewAttribute
    Name="CancelFlag"
    IsUpdateable="false"
    IsPersistent="false"
    PrecisionRule="true"
    Precision="1"
    Type="java.lang.String"
    ColumnType="VARCHAR2"
    AliasName="CANCEL_FLAG"
    Expression="CANCEL_FLAG"
    SQLType="VARCHAR">
    <DesignTime>
      <Attr Name="_DisplaySize" Value="1"/>
    </DesignTime>
  </ViewAttribute>
  <ViewCriteria
    Name="PoNoCertifierVOCriteria"
    ViewObjectName="qantas.com.au.overseas.model.PoNoCertifierVO"
    Conjunction="AND">
    <Properties>
      <CustomProperties>
        <Property
          Name="displayOperators"
          Value="InAdvancedMode"/>
        <Property
          Name="autoExecute"
          Value="false"/>
        <Property
          Name="allowConjunctionOverride"
          Value="true"/>
        <Property
          Name="showInList"
          Value="true"/>
        <Property
          Name="mode"
          Value="Basic"/>
      </CustomProperties>
    </Properties>
    <ViewCriteriaRow
      Name="vcrow72"
      UpperColumns="1">
      <ViewCriteriaItem
        Name="OperatingUnit"
        ViewAttribute="OperatingUnit"
        Operator="="
        Conjunction="AND"
        Value=":bindOperatingUnit"
        IsBindVarValue="true"
        Required="Optional"/>
      <ViewCriteriaItem
        Name="PoNum"
        ViewAttribute="PoNum"
        Operator="CONTAINS"
        Conjunction="AND"
        Value=":bindPONum"
        IsBindVarValue="true"
        Required="Optional"/>
      <ViewCriteriaItem
        Name="VendorName"
        ViewAttribute="VendorName"
        Operator="="
        Conjunction="AND"
        Value=":bindSupplierName"
        IsBindVarValue="true"
        Required="Optional"/>
      <ViewCriteriaItem
        Name="VendorSiteId"
        ViewAttribute="VendorSiteId"
        Operator="="
        Conjunction="AND"
        Value=":bindSiteID"
        IsBindVarValue="true"
        Required="Optional"/>
    </ViewCriteriaRow>
  </ViewCriteria>
  <ViewCriteria
    Name="PoNoCertifierVOCriteriaEqualsPONum"
    ViewObjectName="qantas.com.au.overseas.model.PoNoCertifierVO"
    Conjunction="AND">
    <Properties>
      <CustomProperties>
        <Property
          Name="displayOperators"
          Value="InAdvancedMode"/>
        <Property
          Name="autoExecute"
          Value="false"/>
        <Property
          Name="allowConjunctionOverride"
          Value="true"/>
        <Property
          Name="showInList"
          Value="true"/>
        <Property
          Name="mode"
          Value="Basic"/>
      </CustomProperties>
    </Properties>
    <ViewCriteriaRow
      Name="vcrow112"
      UpperColumns="1">
      <ViewCriteriaItem
        Name="OperatingUnit"
        ViewAttribute="OperatingUnit"
        Operator="="
        Conjunction="AND"
        Value=":bindOperatingUnit"
        IsBindVarValue="true"
        Required="Optional"/>
      <ViewCriteriaItem
        Name="PoNum"
        ViewAttribute="PoNum"
        Operator="="
        Conjunction="AND"
        Value=":bindPONum"
        IsBindVarValue="true"
        Required="Optional"/>
      <ViewCriteriaItem
        Name="VendorName"
        ViewAttribute="VendorName"
        Operator="="
        Conjunction="AND"
        Value=":bindSupplierName"
        IsBindVarValue="true"
        Required="Optional"/>
      <ViewCriteriaItem
        Name="VendorSiteId"
        ViewAttribute="VendorSiteId"
        Operator="="
        Conjunction="AND"
        Value=":bindSiteID"
        IsBindVarValue="true"
        Required="Optional"/>
    </ViewCriteriaRow>
  </ViewCriteria>
  <ResourceBundle>
    <PropertiesBundle
      PropertiesFile="qantas.com.au.overseas.model.ModelBundle"/>
  </ResourceBundle>
</ViewObject>
