<?xml version="1.0" encoding="windows-1252" ?>
<!DOCTYPE ViewObject SYSTEM "jbo_03_01.dtd">
<!---->
<ViewObject
  xmlns="http://xmlns.oracle.com/bc4j"
  Name="POVO"
  Version="12.2.1.9.14"
  InheritPersonalization="true"
  BindingStyle="OracleName"
  CustomQuery="true"
  PageIterMode="Full">
  <DesignTime>
    <Attr Name="_isExpertMode" Value="true"/>
  </DesignTime>
  <Properties>
    <SchemaBasedProperties>
      <LABEL
        ResId="qantas.com.au.overseas.model.POVO_LABEL"/>
    </SchemaBasedProperties>
  </Properties>
  <Variable
    Name="bindPONum"
    Kind="viewcriteria"
    Type="java.lang.String"/>
  <Variable
    Name="bindSiteId"
    Kind="viewcriteria"
    Type="java.lang.String"/>
  <Variable
    Name="bindOrg"
    Kind="viewcriteria"
    Type="java.lang.String"/>
  <SQLQuery><![CDATA[((SELECT hou.name operating_unit  
,pha.segment1 po_num  
,pha.type_lookup_code po_type  
,pha.po_header_id  
,pha.creation_date  
,pha.closed_code po_status  
,decode(pha.cancel_flag,NULL,'NO','N','NO','YES') PO_CANCELLED_STATUS  
,aps.segment1 vendor_number  
,aps.vendor_name  
,assa.vendor_site_id  
,assa.vendor_site_code 
,nvl(assa.vat_registration_num,aps.vat_registration_num) VatRegistrationNum 
,'QF' AS org 
FROM apps.ap_suppliers aps  
,apps.ap_supplier_sites_all assa  
,apps.hr_all_organization_units hou  
,apps.po_headers_all pha 
WHERE aps.vendor_id = assa.vendor_id  
AND assa.org_id = hou.organization_id  
AND aps.vendor_type_lookup_code NOT IN  
('CUSTOMER CARE'  
,'EMPLOYEE')  
AND pha.authorization_status NOT IN  
('INCOMPLETE'  
,'REQUIRES REAPPROVAL')  
AND pha.type_lookup_code NOT IN ('CONTRACT','BLANKET')  
AND nvl(pha.attribute_category  
                 ,'XXXXX') NOT IN ('AVIATION FUEL', 'EINVOICE')  
AND pha.type_lookup_code = 'STANDARD'  
AND pha.vendor_site_id = assa.vendor_site_id 
AND hou.name  in 
               (select hau.name 
                  from apps.hr_all_organization_units hau 
                 where upper(name) like upper('%Qantas%') 
                    or upper(name) like upper('%QF%'))) 
union all 
(SELECT hou.name operating_unit 
,pha.segment1 po_num 
,pha.type_lookup_code po_type 
,pha.po_header_id 
,pha.creation_date 
,pha.closed_code po_status 
,decode(pha.cancel_flag,NULL,'NO','N','NO','YES') PO_CANCELLED_STATUS 
,aps.segment1 vendor_number 
,aps.vendor_name 
,assa.vendor_site_id 
,assa.vendor_site_code 
,'' AS VatRegistrationNum 
,'JS' AS org 
FROM apps.ap_suppliers aps 
,apps.ap_supplier_sites_all assa 
,apps.hr_all_organization_units hou 
,apps.po_headers_all pha 
WHERE aps.vendor_id = assa.vendor_id 
AND assa.org_id = hou.organization_id 
AND aps.vendor_type_lookup_code NOT IN 
('CUSTOMER CARE' 
,'EMPLOYEE') 
AND pha.authorization_status NOT IN 
('INCOMPLETE' 
,'REQUIRES REAPPROVAL') 
AND pha.type_lookup_code NOT IN ('CONTRACT','BLANKET') 
AND pha.vendor_site_id = assa.vendor_site_id 
AND hou.name  in 
               (select hau.name 
                  from apps.hr_all_organization_units hau 
                 where upper(name) like upper('%Jetstar%') 
                    or upper(name) like upper('%JS%'))))]]></SQLQuery>
  <ViewAttribute
    Name="OperatingUnit"
    IsUpdateable="false"
    IsPersistent="false"
    IsNotNull="true"
    PrecisionRule="true"
    Precision="255"
    Type="java.lang.String"
    ColumnType="VARCHAR2"
    AliasName="OPERATING_UNIT"
    Expression="OPERATING_UNIT"
    SQLType="VARCHAR">
    <DesignTime>
      <Attr Name="_DisplaySize" Value="240"/>
    </DesignTime>
  </ViewAttribute>
  <ViewAttribute
    Name="PoNum"
    IsUpdateable="false"
    IsPersistent="false"
    IsNotNull="true"
    PrecisionRule="true"
    Precision="20"
    Type="java.lang.String"
    ColumnType="VARCHAR2"
    AliasName="PO_NUM"
    Expression="PO_NUM"
    SQLType="VARCHAR">
    <DesignTime>
      <Attr Name="_DisplaySize" Value="20"/>
    </DesignTime>
  </ViewAttribute>
  <ViewAttribute
    Name="PoType"
    IsUpdateable="false"
    IsPersistent="false"
    IsNotNull="true"
    PrecisionRule="true"
    Precision="25"
    Type="java.lang.String"
    ColumnType="VARCHAR2"
    AliasName="PO_TYPE"
    Expression="PO_TYPE"
    SQLType="VARCHAR">
    <DesignTime>
      <Attr Name="_DisplaySize" Value="25"/>
    </DesignTime>
  </ViewAttribute>
  <ViewAttribute
    Name="PoHeaderId"
    IsUpdateable="false"
    IsPersistent="false"
    IsNotNull="true"
    PrecisionRule="true"
    Type="oracle.jbo.domain.Number"
    ColumnType="NUMBER"
    AliasName="PO_HEADER_ID"
    Expression="PO_HEADER_ID"
    SQLType="NUMERIC">
    <DesignTime>
      <Attr Name="_DisplaySize" Value="39"/>
    </DesignTime>
  </ViewAttribute>
  <ViewAttribute
    Name="CreationDate"
    IsUpdateable="false"
    IsPersistent="false"
    PrecisionRule="true"
    Type="oracle.jbo.domain.Date"
    ColumnType="DATE"
    AliasName="CREATION_DATE"
    Expression="CREATION_DATE"
    SQLType="DATE">
    <DesignTime>
      <Attr Name="_DisplaySize" Value="7"/>
    </DesignTime>
  </ViewAttribute>
  <ViewAttribute
    Name="PoStatus"
    IsUpdateable="false"
    IsPersistent="false"
    PrecisionRule="true"
    Precision="25"
    Type="java.lang.String"
    ColumnType="VARCHAR2"
    AliasName="PO_STATUS"
    Expression="PO_STATUS"
    SQLType="VARCHAR">
    <DesignTime>
      <Attr Name="_DisplaySize" Value="25"/>
    </DesignTime>
  </ViewAttribute>
  <ViewAttribute
    Name="PoCancelledStatus"
    IsUpdateable="false"
    IsPersistent="false"
    PrecisionRule="true"
    Precision="3"
    Type="java.lang.String"
    ColumnType="VARCHAR2"
    AliasName="PO_CANCELLED_STATUS"
    Expression="PO_CANCELLED_STATUS"
    SQLType="VARCHAR">
    <DesignTime>
      <Attr Name="_DisplaySize" Value="3"/>
    </DesignTime>
  </ViewAttribute>
  <ViewAttribute
    Name="VendorNumber"
    IsUpdateable="false"
    IsPersistent="false"
    IsNotNull="true"
    PrecisionRule="true"
    Precision="30"
    Type="java.lang.String"
    ColumnType="VARCHAR2"
    AliasName="VENDOR_NUMBER"
    Expression="VENDOR_NUMBER"
    SQLType="VARCHAR">
    <DesignTime>
      <Attr Name="_DisplaySize" Value="30"/>
    </DesignTime>
  </ViewAttribute>
  <ViewAttribute
    Name="VendorName"
    IsUpdateable="false"
    IsPersistent="false"
    PrecisionRule="true"
    Precision="240"
    Type="java.lang.String"
    ColumnType="VARCHAR2"
    AliasName="VENDOR_NAME"
    Expression="VENDOR_NAME"
    SQLType="VARCHAR">
    <DesignTime>
      <Attr Name="_DisplaySize" Value="240"/>
    </DesignTime>
  </ViewAttribute>
  <ViewAttribute
    Name="VendorSiteId"
    IsUpdateable="false"
    IsPersistent="false"
    IsNotNull="true"
    PrecisionRule="true"
    Type="oracle.jbo.domain.Number"
    ColumnType="NUMBER"
    AliasName="VENDOR_SITE_ID"
    Expression="VENDOR_SITE_ID"
    SQLType="NUMERIC">
    <DesignTime>
      <Attr Name="_DisplaySize" Value="39"/>
    </DesignTime>
  </ViewAttribute>
  <ViewAttribute
    Name="VendorSiteCode"
    IsUpdateable="false"
    IsPersistent="false"
    IsNotNull="true"
    PrecisionRule="true"
    Precision="15"
    Type="java.lang.String"
    ColumnType="VARCHAR2"
    AliasName="VENDOR_SITE_CODE"
    Expression="VENDOR_SITE_CODE"
    SQLType="VARCHAR">
    <DesignTime>
      <Attr Name="_DisplaySize" Value="15"/>
    </DesignTime>
  </ViewAttribute>
  <ViewAttribute
    Name="Vatregistrationnum"
    IsUpdateable="false"
    IsPersistent="false"
    PrecisionRule="true"
    Precision="20"
    Type="java.lang.String"
    ColumnType="VARCHAR2"
    AliasName='VATREGISTRATIONNUM'
    Expression='VATREGISTRATIONNUM'
    SQLType="VARCHAR"
    IsQueriable="false">
    <DesignTime>
      <Attr Name="_DisplaySize" Value="20"/>
    </DesignTime>
  </ViewAttribute>
  <ViewAttribute
    Name="Org"
    IsUpdateable="false"
    IsPersistent="false"
    PrecisionRule="true"
    Precision="2"
    Type="java.lang.String"
    ColumnType="CHAR"
    AliasName='ORG'
    Expression='ORG'
    SQLType="VARCHAR">
    <DesignTime>
      <Attr Name="_DisplaySize" Value="2"/>
    </DesignTime>
  </ViewAttribute>
  <ViewCriteria
    Name="POVOCriteria"
    ViewObjectName="qantas.com.au.overseas.model.POVO"
    Conjunction="AND">
    <Properties Name="_Props">
      <CustomProperties>
        <Property
          Name="displayOperators"
          Value="InAdvancedMode"/>
        <Property
          Name="autoExecute"
          Value="false"/>
        <Property
          Name="allowConjunctionOverride"
          Value="true"/>
        <Property
          Name="showInList"
          Value="true"/>
        <Property
          Name="mode"
          Value="Basic"/>
      </CustomProperties>
    </Properties>
    <ViewCriteriaRow
      Name="vcrow302"
      UpperColumns="1">
      <ViewCriteriaItem
        Name="PoNum"
        ViewAttribute="PoNum"
        Operator="STARTSWITH"
        Conjunction="AND"
        Value=":bindPONum"
        IsBindVarValue="true"
        Required="Optional"/>
      <ViewCriteriaItem
        Name="Org"
        ViewAttribute="Org"
        Operator="="
        Conjunction="AND"
        Value=":bindOrg"
        IsBindVarValue="true"
        Required="Optional"/>
    </ViewCriteriaRow>
  </ViewCriteria>
  <ViewCriteria
    Name="POVOCriteria1"
    ViewObjectName="qantas.com.au.overseas.model.POVO"
    Conjunction="AND">
    <Properties Name="_Props">
      <CustomProperties>
        <Property
          Name="displayOperators"
          Value="InAdvancedMode"/>
        <Property
          Name="autoExecute"
          Value="false"/>
        <Property
          Name="allowConjunctionOverride"
          Value="true"/>
        <Property
          Name="showInList"
          Value="true"/>
        <Property
          Name="mode"
          Value="Basic"/>
      </CustomProperties>
    </Properties>
    <ViewCriteriaRow
      Name="vcrow313"
      UpperColumns="1">
      <ViewCriteriaItem
        Name="VendorSiteId"
        ViewAttribute="VendorSiteId"
        Operator="="
        Conjunction="AND"
        Value=":bindSiteId"
        IsBindVarValue="true"
        Required="Optional"/>
      <ViewCriteriaItem
        Name="Org"
        ViewAttribute="Org"
        Operator="="
        Conjunction="AND"
        Value=":bindOrg"
        IsBindVarValue="true"
        Required="Optional"/>
    </ViewCriteriaRow>
  </ViewCriteria>
  <ViewCriteria
    Name="POVOCriteria2"
    ViewObjectName="qantas.com.au.overseas.model.POVO"
    Conjunction="AND">
    <Properties Name="_Props">
      <CustomProperties>
        <Property
          Name="displayOperators"
          Value="InAdvancedMode"/>
        <Property
          Name="autoExecute"
          Value="false"/>
        <Property
          Name="allowConjunctionOverride"
          Value="true"/>
        <Property
          Name="showInList"
          Value="true"/>
        <Property
          Name="mode"
          Value="Basic"/>
      </CustomProperties>
    </Properties>
    <ViewCriteriaRow
      Name="vcrow321"
      UpperColumns="1">
      <ViewCriteriaItem
        Name="PoNum"
        ViewAttribute="PoNum"
        Operator="STARTSWITH"
        Conjunction="AND"
        Value=":bindPONum"
        IsBindVarValue="true"
        Required="Optional"/>
      <ViewCriteriaItem
        Name="VendorSiteId"
        ViewAttribute="VendorSiteId"
        Operator="="
        Conjunction="AND"
        Value=":bindSiteId"
        IsBindVarValue="true"
        Required="Optional"/>
      <ViewCriteriaItem
        Name="Org"
        ViewAttribute="Org"
        Operator="="
        Conjunction="AND"
        Value=":bindOrg"
        IsBindVarValue="true"
        Required="Optional"/>
    </ViewCriteriaRow>
  </ViewCriteria>
  <ViewCriteria
    Name="POVOCriteriaOrg"
    ViewObjectName="qantas.com.au.overseas.model.POVO"
    Conjunction="AND">
    <Properties Name="_Props">
      <CustomProperties>
        <Property
          Name="autoExecute"
          Value="false"/>
        <Property
          Name="mode"
          Value="Basic"/>
        <Property
          Name="allowConjunctionOverride"
          Value="true"/>
        <Property
          Name="showInList"
          Value="true"/>
        <Property
          Name="displayOperators"
          Value="InAdvancedMode"/>
      </CustomProperties>
    </Properties>
    <ViewCriteriaRow
      Name="POVOCriteria3_row_0"
      UpperColumns="1">
      <ViewCriteriaItem
        Name="Org"
        ViewAttribute="Org"
        Operator="="
        Conjunction="AND"
        Value=":bindOrg"
        IsBindVarValue="true"
        Required="Optional"/>
    </ViewCriteriaRow>
  </ViewCriteria>
  <ResourceBundle>
    <PropertiesBundle
      PropertiesFile="qantas.com.au.overseas.model.ModelBundle"/>
  </ResourceBundle>
</ViewObject>
