<?xml version="1.0" encoding="windows-1252" ?>
<!DOCTYPE ViewObject SYSTEM "jbo_03_01.dtd">
<!---->
<ViewObject
  xmlns="http://xmlns.oracle.com/bc4j"
  Name="SitesDetailsVO"
  Version="12.2.1.9.14"
  InheritPersonalization="true"
  BindingStyle="OracleName"
  CustomQuery="true"
  PageIterMode="Full">
    <DesignTime>
        <Attr Name="_isExpertMode" Value="true"/>
    </DesignTime>
    <Properties>
        <SchemaBasedProperties>
            <LABEL
              ResId="qantas.com.au.overseas.model.SitesDetailsVO_LABEL"/>
        </SchemaBasedProperties>
    </Properties>
    <Variable
      Name="bindSiteName"
      Kind="viewcriteria"
      Type="java.lang.String"/>
    <Variable
      Name="bindSiteId"
      Kind="viewcriteria"
      Type="java.lang.String"/>
    <Variable
      Name="bindSupplierName"
      Kind="viewcriteria"
      Type="java.lang.String"/>
    <Variable
      Name="bindOrg"
      Kind="viewcriteria"
      Type="java.lang.String"/>
    <Variable
      Name="bindBankAccountNo"
      Kind="viewcriteria"
      Type="java.lang.String"/>
    <SQLQuery><![CDATA[SELECT
    OPERATING_UNIT,
    VENDOR_NUMBER,
    VENDOR_ID,
    VENDOR_NAME,
    ORG_ID,
    VENDOR_SITE_ID,
    VENDOR_SITE_CODE,
    TAX_REGISTRATION_NUM_SUPP_SITE,
    CURRENCY_CODE,
    TAX_RATE_CODE,
    PAYMENT_TERMS,
    ADDRESS,
    INACTIVE_DATE,
    TO_CHAR(VENDOR_SITE_ID) AS siteId_search,
    NO_PO_NO_PAY_FLAG,
    '' AS BANK_ACCOUNT_NUM,
    'N' AS WHT_FLAG,
    '' AS WHT_CODE,
    'QF' AS ORG
FROM
    QFEQ_SUPPLIER_LOV_MV
union all
	SELECT
    OPERATING_UNIT,
    VENDOR_NUMBER,
    VENDOR_ID,
    VENDOR_NAME,
    ORG_ID,
    VENDOR_SITE_ID,
    VENDOR_SITE_CODE,
    TAX_REGISTRATION_NUM_SUPP_SITE,
    CURRENCY_CODE,
    TAX_RATE_CODE,
    PAYMENT_TERMS,
    ADDRESS,
    INACTIVE_DATE,
    TO_CHAR(VENDOR_SITE_ID) AS siteId_search,
    'N' AS NO_PO_NO_PAY_FLAG,
    BANK_ACCOUNT_NUM,
    WHT_FLAG,
    WHT_CODE,
    'JS' AS org
from apps.JSEQ_SUPPLIER_LOV_MV]]></SQLQuery>
    <ViewAttribute
      Name="OperatingUnit"
      IsUpdateable="false"
      IsPersistent="false"
      IsNotNull="true"
      PrecisionRule="true"
      Precision="240"
      Type="java.lang.String"
      ColumnType="VARCHAR2"
      AliasName="OPERATING_UNIT"
      Expression="OPERATING_UNIT"
      SQLType="VARCHAR">
        <DesignTime>
            <Attr Name="_DisplaySize" Value="240"/>
        </DesignTime>
    </ViewAttribute>
    <ViewAttribute
      Name="VendorNumber"
      IsUpdateable="false"
      IsPersistent="false"
      IsNotNull="true"
      PrecisionRule="true"
      Precision="30"
      Type="java.lang.String"
      ColumnType="VARCHAR2"
      AliasName="VENDOR_NUMBER"
      Expression="VENDOR_NUMBER"
      SQLType="VARCHAR">
        <DesignTime>
            <Attr Name="_DisplaySize" Value="30"/>
        </DesignTime>
    </ViewAttribute>
    <ViewAttribute
      Name="VendorId"
      IsUpdateable="false"
      IsPersistent="false"
      IsNotNull="true"
      PrecisionRule="true"
      Type="oracle.jbo.domain.Number"
      ColumnType="NUMBER"
      AliasName="VENDOR_ID"
      Expression="VENDOR_ID"
      SQLType="NUMERIC">
        <DesignTime>
            <Attr Name="_DisplaySize" Value="39"/>
        </DesignTime>
    </ViewAttribute>
    <ViewAttribute
      Name="VendorName"
      IsUpdateable="false"
      IsPersistent="false"
      PrecisionRule="true"
      Precision="240"
      Type="java.lang.String"
      ColumnType="VARCHAR2"
      AliasName="VENDOR_NAME"
      Expression="VENDOR_NAME"
      SQLType="VARCHAR">
        <DesignTime>
            <Attr Name="_DisplaySize" Value="240"/>
        </DesignTime>
    </ViewAttribute>
    <ViewAttribute
      Name="OrgId"
      IsUpdateable="false"
      IsPersistent="false"
      PrecisionRule="true"
      Type="oracle.jbo.domain.Number"
      ColumnType="NUMBER"
      AliasName="ORG_ID"
      Expression="ORG_ID"
      SQLType="NUMERIC">
        <DesignTime>
            <Attr Name="_DisplaySize" Value="39"/>
        </DesignTime>
    </ViewAttribute>
    <ViewAttribute
      Name="VendorSiteId"
      IsUpdateable="false"
      IsPersistent="false"
      IsNotNull="true"
      PrecisionRule="true"
      Type="oracle.jbo.domain.Number"
      ColumnType="NUMBER"
      AliasName="VENDOR_SITE_ID"
      Expression="VENDOR_SITE_ID"
      SQLType="NUMERIC">
        <DesignTime>
            <Attr Name="_DisplaySize" Value="39"/>
        </DesignTime>
    </ViewAttribute>
    <ViewAttribute
      Name="VendorSiteCode"
      IsUpdateable="false"
      IsPersistent="false"
      IsNotNull="true"
      PrecisionRule="true"
      Precision="15"
      Type="java.lang.String"
      ColumnType="VARCHAR2"
      AliasName="VENDOR_SITE_CODE"
      Expression="VENDOR_SITE_CODE"
      SQLType="VARCHAR">
        <DesignTime>
            <Attr Name="_DisplaySize" Value="15"/>
        </DesignTime>
    </ViewAttribute>
    <ViewAttribute
      Name="TaxRegistrationNumSuppSite"
      IsUpdateable="false"
      IsPersistent="false"
      PrecisionRule="true"
      Precision="20"
      Type="java.lang.String"
      ColumnType="VARCHAR2"
      AliasName="TAX_REGISTRATION_NUM_SUPP_SITE"
      Expression="TAX_REGISTRATION_NUM_SUPP_SITE"
      SQLType="VARCHAR">
        <DesignTime>
            <Attr Name="_DisplaySize" Value="20"/>
        </DesignTime>
    </ViewAttribute>
    <ViewAttribute
      Name="CurrencyCode"
      IsUpdateable="false"
      IsPersistent="false"
      PrecisionRule="true"
      Precision="15"
      Type="java.lang.String"
      ColumnType="VARCHAR2"
      AliasName="CURRENCY_CODE"
      Expression="CURRENCY_CODE"
      SQLType="VARCHAR">
        <DesignTime>
            <Attr Name="_DisplaySize" Value="15"/>
        </DesignTime>
    </ViewAttribute>
    <ViewAttribute
      Name="TaxRateCode"
      IsUpdateable="false"
      IsPersistent="false"
      PrecisionRule="true"
      Precision="30"
      Type="java.lang.String"
      ColumnType="VARCHAR2"
      AliasName="TAX_RATE_CODE"
      Expression="TAX_RATE_CODE"
      SQLType="VARCHAR">
        <DesignTime>
            <Attr Name="_DisplaySize" Value="30"/>
        </DesignTime>
    </ViewAttribute>
    <ViewAttribute
      Name="PaymentTerms"
      IsUpdateable="false"
      IsPersistent="false"
      PrecisionRule="true"
      Precision="50"
      Type="java.lang.String"
      ColumnType="VARCHAR2"
      AliasName="PAYMENT_TERMS"
      Expression="PAYMENT_TERMS"
      SQLType="VARCHAR">
        <DesignTime>
            <Attr Name="_DisplaySize" Value="50"/>
        </DesignTime>
    </ViewAttribute>
    <ViewAttribute
      Name="Address"
      IsUpdateable="false"
      IsPersistent="false"
      PrecisionRule="true"
      Precision="1056"
      Type="java.lang.String"
      ColumnType="VARCHAR2"
      AliasName="ADDRESS"
      Expression="ADDRESS"
      SQLType="VARCHAR">
        <DesignTime>
            <Attr Name="_DisplaySize" Value="1056"/>
        </DesignTime>
    </ViewAttribute>
    <ViewAttribute
      Name="InactiveDate"
      IsUpdateable="false"
      IsPersistent="false"
      PrecisionRule="true"
      Type="oracle.jbo.domain.Date"
      ColumnType="DATE"
      AliasName="INACTIVE_DATE"
      Expression="INACTIVE_DATE"
      SQLType="DATE">
        <DesignTime>
            <Attr Name="_DisplaySize" Value="7"/>
        </DesignTime>
    </ViewAttribute>
    <ViewAttribute
      Name="SiteidSearch"
      IsUpdateable="false"
      IsPersistent="false"
      PrecisionRule="true"
      Precision="40"
      Type="java.lang.String"
      ColumnType="VARCHAR2"
      AliasName='SITEID_SEARCH'
      Expression='SITEID_SEARCH'
      SQLType="VARCHAR"
      IsQueriable="false">
        <DesignTime>
            <Attr Name="_DisplaySize" Value="40"/>
        </DesignTime>
    </ViewAttribute>
    <ViewAttribute
      Name="NoPoNoPayFlag"
      IsUpdateable="false"
      IsPersistent="false"
      PrecisionRule="true"
      Precision="150"
      Type="java.lang.String"
      ColumnType="VARCHAR2"
      AliasName="NO_PO_NO_PAY_FLAG"
      Expression="NO_PO_NO_PAY_FLAG"
      SQLType="VARCHAR">
        <DesignTime>
            <Attr Name="_DisplaySize" Value="150"/>
        </DesignTime>
    </ViewAttribute>
    <ViewAttribute
      Name="BankAccountNum"
      IsUpdateable="false"
      IsPersistent="false"
      PrecisionRule="true"
      Precision="100"
      Type="java.lang.String"
      ColumnType="VARCHAR2"
      AliasName='BANK_ACCOUNT_NUM'
      Expression='BANK_ACCOUNT_NUM'
      SQLType="VARCHAR">
        <DesignTime>
            <Attr Name="_DisplaySize" Value="100"/>
        </DesignTime>
    </ViewAttribute>
    <ViewAttribute
      Name="WhtFlag"
      IsUpdateable="false"
      IsPersistent="false"
      PrecisionRule="true"
      Precision="1"
      Type="java.lang.String"
      ColumnType="VARCHAR2"
      AliasName='WHT_FLAG'
      Expression='WHT_FLAG'
      SQLType="VARCHAR"
      IsQueriable="false">
        <DesignTime>
            <Attr Name="_DisplaySize" Value="1"/>
        </DesignTime>
    </ViewAttribute>
    <ViewAttribute
      Name="WhtCode"
      IsUpdateable="false"
      IsPersistent="false"
      PrecisionRule="true"
      Precision="25"
      Type="java.lang.String"
      ColumnType="VARCHAR2"
      AliasName='WHT_CODE'
      Expression='WHT_CODE'
      SQLType="VARCHAR"
      IsQueriable="false">
        <DesignTime>
            <Attr Name="_DisplaySize" Value="25"/>
        </DesignTime>
    </ViewAttribute>
    <ViewAttribute
      Name="Org"
      IsUpdateable="false"
      IsPersistent="false"
      PrecisionRule="true"
      Precision="2"
      Type="java.lang.String"
      ColumnType="CHAR"
      AliasName='org'
      Expression='org'
      SQLType="VARCHAR">
        <DesignTime>
            <Attr Name="_DisplaySize" Value="2"/>
        </DesignTime>
    </ViewAttribute>
    <ViewAttribute
      Name="MaskedBankAccNo"
      IsUpdateable="false"
      IsSelected="false"
      IsPersistent="false"
      PrecisionRule="true"
      Precision="255"
      Type="java.lang.String"
      ColumnType="VARCHAR2"
      AliasName="VIEW_ATTR"
      SQLType="VARCHAR">
        <TransientExpression
            Name="ExpressionScript"
            trustMode="untrusted"
            CodeSourceName="SitesDetailsVORow"/>
        <RecalcCondition
            Name="RecalcExpressionScript"
            trustMode="untrusted"
            CodeSourceName="SitesDetailsVORow"/>
        <Dependencies>
            <Item
              Value="BankAccountNum"/>
        </Dependencies>
    </ViewAttribute>
    <ViewCriteria
      Name="SitesDetailsVOCriteria"
      ViewObjectName="qantas.com.au.overseas.model.SitesDetailsVO"
      Conjunction="AND">
        <Properties Name="_Props">
            <CustomProperties>
                <Property
                  Name="displayOperators"
                  Value="InAdvancedMode"/>
                <Property
                  Name="autoExecute"
                  Value="false"/>
                <Property
                  Name="allowConjunctionOverride"
                  Value="true"/>
                <Property
                  Name="showInList"
                  Value="true"/>
                <Property
                  Name="mode"
                  Value="Basic"/>
            </CustomProperties>
        </Properties>
        <ViewCriteriaRow
          Name="vcrow191"
          UpperColumns="1">
            <ViewCriteriaItem
              Name="VendorName"
              ViewAttribute="VendorName"
              Operator="STARTSWITH"
              Conjunction="AND"
              Value=":bindSupplierName"
              IsBindVarValue="true"
              Required="Optional"/>
            <ViewCriteriaItem
              Name="VendorSiteCode"
              ViewAttribute="VendorSiteCode"
              Operator="STARTSWITH"
              Conjunction="AND"
              Value=":bindSiteName"
              IsBindVarValue="true"
              Required="Optional"/>
            <ViewCriteriaItem
              Name="Org"
              ViewAttribute="Org"
              Operator="="
              Conjunction="AND"
              Value=":bindOrg"
              IsBindVarValue="true"
              Required="Optional"/>
        </ViewCriteriaRow>
    </ViewCriteria>
    <ViewCriteria
      Name="SitesDetailsVOCriteria1"
      ViewObjectName="qantas.com.au.overseas.model.SitesDetailsVO"
      Conjunction="AND">
        <Properties Name="_Props">
            <CustomProperties>
                <Property
                  Name="displayOperators"
                  Value="InAdvancedMode"/>
                <Property
                  Name="autoExecute"
                  Value="false"/>
                <Property
                  Name="allowConjunctionOverride"
                  Value="true"/>
                <Property
                  Name="showInList"
                  Value="true"/>
                <Property
                  Name="mode"
                  Value="Basic"/>
            </CustomProperties>
        </Properties>
        <ViewCriteriaRow
          Name="vcrow220"
          UpperColumns="1">
            <ViewCriteriaItem
              Name="VendorSiteId"
              ViewAttribute="VendorSiteId"
              Operator="="
              Conjunction="AND"
              Value=":bindSiteId"
              IsBindVarValue="true"
              Required="Optional"/>
            <ViewCriteriaItem
              Name="Org"
              ViewAttribute="Org"
              Operator="="
              Conjunction="AND"
              Value=":bindOrg"
              IsBindVarValue="true"
              Required="Optional"/>
        </ViewCriteriaRow>
    </ViewCriteria>
    <ViewCriteria
      Name="SitesDetailsVOCriteria2"
      ViewObjectName="qantas.com.au.overseas.model.SitesDetailsVO"
      Conjunction="AND">
        <Properties Name="_Props">
            <CustomProperties>
                <Property
                  Name="displayOperators"
                  Value="InAdvancedMode"/>
                <Property
                  Name="autoExecute"
                  Value="false"/>
                <Property
                  Name="allowConjunctionOverride"
                  Value="true"/>
                <Property
                  Name="showInList"
                  Value="true"/>
                <Property
                  Name="mode"
                  Value="Basic"/>
            </CustomProperties>
        </Properties>
        <ViewCriteriaRow
          Name="vcrow225"
          UpperColumns="1">
            <ViewCriteriaItem
              Name="VendorName"
              ViewAttribute="VendorName"
              Operator="="
              Conjunction="AND"
              Value=":bindSupplierName"
              IsBindVarValue="true"
              Required="Optional"/>
            <ViewCriteriaItem
              Name="Org"
              ViewAttribute="Org"
              Operator="="
              Conjunction="AND"
              Value=":bindOrg"
              IsBindVarValue="true"
              Required="Optional"/>
        </ViewCriteriaRow>
    </ViewCriteria>
    <ViewCriteria
      Name="SitesDetailsVOCriteria_bySiteId"
      ViewObjectName="qantas.com.au.overseas.model.SitesDetailsVO"
      Conjunction="AND">
        <Properties Name="_Props">
            <CustomProperties>
                <Property
                  Name="displayOperators"
                  Value="InAdvancedMode"/>
                <Property
                  Name="autoExecute"
                  Value="false"/>
                <Property
                  Name="allowConjunctionOverride"
                  Value="true"/>
                <Property
                  Name="showInList"
                  Value="true"/>
                <Property
                  Name="mode"
                  Value="Basic"/>
            </CustomProperties>
        </Properties>
        <ViewCriteriaRow
          Name="SitesDetailsVOCriteria_bySiteId_row_0"
          UpperColumns="1">
            <ViewCriteriaItem
              Name="VendorSiteId"
              ViewAttribute="VendorSiteId"
              Operator="="
              Conjunction="AND"
              Value=":bindSiteId"
              IsBindVarValue="true"
              Required="Optional"/>
            <ViewCriteriaItem
              Name="Org"
              ViewAttribute="Org"
              Operator="="
              Conjunction="AND"
              Value=":bindOrg"
              IsBindVarValue="true"
              Required="Optional"/>
        </ViewCriteriaRow>
    </ViewCriteria>
    <ViewCriteria
      Name="SitesDetailsVOCriteriaOrg"
      ViewObjectName="qantas.com.au.overseas.model.SitesDetailsVO"
      Conjunction="AND">
        <Properties Name="_Props">
            <CustomProperties>
                <Property
                  Name="autoExecute"
                  Value="false"/>
                <Property
                  Name="mode"
                  Value="Basic"/>
                <Property
                  Name="allowConjunctionOverride"
                  Value="true"/>
                <Property
                  Name="showInList"
                  Value="true"/>
                <Property
                  Name="displayOperators"
                  Value="InAdvancedMode"/>
            </CustomProperties>
        </Properties>
        <ViewCriteriaRow
          Name="SitesDetailsVOCriteria3_row_0"
          UpperColumns="1">
            <ViewCriteriaItem
              Name="Org"
              ViewAttribute="Org"
              Operator="="
              Conjunction="AND"
              Value=":bindOrg"
              IsBindVarValue="true"
              Required="Optional"/>
        </ViewCriteriaRow>
    </ViewCriteria>
    <ViewCriteria
      Name="SitesDetailsVOCriteria_bybankaccount"
      ViewObjectName="qantas.com.au.overseas.model.SitesDetailsVO"
      Conjunction="AND">
        <Properties Name="_Props">
            <CustomProperties>
                <Property
                  Name="autoExecute"
                  Value="false"/>
                <Property
                  Name="mode"
                  Value="Basic"/>
                <Property
                  Name="allowConjunctionOverride"
                  Value="true"/>
                <Property
                  Name="showInList"
                  Value="true"/>
                <Property
                  Name="displayOperators"
                  Value="InAdvancedMode"/>
            </CustomProperties>
        </Properties>
        <ViewCriteriaRow
          Name="SitesDetailsVOCriteria3_row_0"
          UpperColumns="1">
            <ViewCriteriaItem
              Name="VendorName"
              ViewAttribute="VendorName"
              Operator="STARTSWITH"
              Conjunction="AND"
              Value=":bindSupplierName"
              IsBindVarValue="true"
              Required="Optional"/>
            <ViewCriteriaItem
              Name="BankAccountNum"
              ViewAttribute="BankAccountNum"
              Operator="ENDSWITH"
              Conjunction="AND"
              Value=":bindBankAccountNo"
              IsBindVarValue="true"
              Required="Optional"/>
            <ViewCriteriaItem
              Name="Org"
              ViewAttribute="Org"
              Operator="="
              Conjunction="AND"
              Value=":bindOrg"
              IsBindVarValue="true"
              Required="Optional"/>
        </ViewCriteriaRow>
    </ViewCriteria>
    <ResourceBundle>
        <PropertiesBundle
          PropertiesFile="qantas.com.au.overseas.model.ModelBundle"/>
    </ResourceBundle>
</ViewObject>
