<?xml version="1.0" encoding="windows-1252" ?>
<!DOCTYPE ViewObject SYSTEM "jbo_03_01.dtd">
<!---->
<ViewObject
  xmlns="http://xmlns.oracle.com/bc4j"
  Name="TaskNumberVO"
  Version="11.1.1.64.93"
  InheritPersonalization="true"
  BindingStyle="OracleName"
  CustomQuery="true"
  PageIterMode="Full"
  UseGlueCode="false">
  <DesignTime>
    <Attr Name="_codeGenFlag2" Value="Access|VarAccess"/>
    <Attr Name="_isExpertMode" Value="true"/>
  </DesignTime>
  <Properties>
    <SchemaBasedProperties>
      <LABEL
        ResId="qantas.com.au.overseas.model.TaskNumberVO_LABEL"/>
    </SchemaBasedProperties>
  </Properties>
  <Variable
    Name="bindprojectId"
    Kind="where"
    Type="java.lang.String"/>
  <Variable
    Name="bindTaskNo"
    Kind="where"
    Type="java.lang.String"/>
  <SQLQuery>
    <![CDATA[SELECT pt.task_number,
  pt.task_name,
  pt.task_id,
  pt.project_id ,
  ppa.segment1
FROM apps.pa_tasks pt,
  apps.pa_projects_All ppa
WHERE pt.project_id    = ppa.project_id
AND pt.chargeable_flag = 'Y'
AND pt.task_id NOT    IN
  (SELECT a.task_id
  FROM apps.pa_tasks a,
    apps.pa_tasks b
  WHERE a.project_id = ppa.project_id
  AND A.task_id      = b.parent_task_id
  )]]>
  </SQLQuery>
  <ViewAttribute
    Name="TaskNumber"
    IsUpdateable="false"
    IsPersistent="false"
    IsNotNull="true"
    PrecisionRule="true"
    Precision="255"
    Type="java.lang.String"
    ColumnType="VARCHAR2"
    AliasName="TASK_NUMBER"
    Expression="TASK_NUMBER"
    SQLType="VARCHAR">
    <DesignTime>
      <Attr Name="_DisplaySize" Value="25"/>
    </DesignTime>
  </ViewAttribute>
  <ViewAttribute
    Name="TaskName"
    IsUpdateable="false"
    IsPersistent="false"
    IsNotNull="true"
    PrecisionRule="true"
    Precision="20"
    Type="java.lang.String"
    ColumnType="VARCHAR2"
    AliasName="TASK_NAME"
    Expression="TASK_NAME"
    SQLType="VARCHAR">
    <DesignTime>
      <Attr Name="_DisplaySize" Value="20"/>
    </DesignTime>
  </ViewAttribute>
  <ViewAttribute
    Name="TaskId"
    IsUpdateable="false"
    IsPersistent="false"
    IsNotNull="true"
    PrecisionRule="true"
    Precision="15"
    Scale="0"
    Type="oracle.jbo.domain.Number"
    ColumnType="NUMBER"
    AliasName="TASK_ID"
    Expression="TASK_ID"
    SQLType="NUMERIC">
    <DesignTime>
      <Attr Name="_DisplaySize" Value="22"/>
    </DesignTime>
  </ViewAttribute>
  <ViewAttribute
    Name="ProjectId"
    IsUpdateable="false"
    IsPersistent="false"
    IsNotNull="true"
    PrecisionRule="true"
    Precision="15"
    Scale="0"
    Type="oracle.jbo.domain.Number"
    ColumnType="NUMBER"
    AliasName="PROJECT_ID"
    Expression="PROJECT_ID"
    SQLType="NUMERIC">
    <DesignTime>
      <Attr Name="_DisplaySize" Value="22"/>
    </DesignTime>
  </ViewAttribute>
  <ViewAttribute
    Name="Segment1"
    IsUpdateable="false"
    IsPersistent="false"
    IsNotNull="true"
    PrecisionRule="true"
    Precision="25"
    Type="java.lang.String"
    ColumnType="VARCHAR2"
    AliasName="SEGMENT1"
    Expression="SEGMENT1"
    SQLType="VARCHAR">
    <DesignTime>
      <Attr Name="_DisplaySize" Value="25"/>
    </DesignTime>
  </ViewAttribute>
  <ViewCriteria
    Name="TaskNumberVOCriteria"
    ViewObjectName="qantas.com.au.overseas.model.TaskNumberVO"
    Conjunction="AND">
    <Properties>
      <CustomProperties>
        <Property
          Name="displayOperators"
          Value="InAdvancedMode"/>
        <Property
          Name="autoExecute"
          Value="false"/>
        <Property
          Name="allowConjunctionOverride"
          Value="true"/>
        <Property
          Name="showInList"
          Value="true"/>
        <Property
          Name="mode"
          Value="Basic"/>
      </CustomProperties>
    </Properties>
    <ViewCriteriaRow
      Name="vcrow204"
      UpperColumns="1">
      <ViewCriteriaItem
        Name="TaskNumber"
        ViewAttribute="TaskNumber"
        Operator="STARTSWITH"
        Conjunction="AND"
        Value=":bindTaskNo"
        IsBindVarValue="true"
        Required="Optional"/>
      <ViewCriteriaItem
        Name="TaskNumberVOCriteria_vcrow204_ProjectId"
        ViewAttribute="ProjectId"
        Operator="="
        Conjunction="AND"
        Value=":bindprojectId"
        IsBindVarValue="true"
        Required="Optional"/>
    </ViewCriteriaRow>
  </ViewCriteria>
  <ViewCriteria
    Name="TaskNumberVOCriteria1"
    ViewObjectName="qantas.com.au.overseas.model.TaskNumberVO"
    Conjunction="AND">
    <Properties>
      <CustomProperties>
        <Property
          Name="displayOperators"
          Value="InAdvancedMode"/>
        <Property
          Name="autoExecute"
          Value="false"/>
        <Property
          Name="allowConjunctionOverride"
          Value="true"/>
        <Property
          Name="showInList"
          Value="true"/>
        <Property
          Name="mode"
          Value="Basic"/>
      </CustomProperties>
    </Properties>
    <ViewCriteriaRow
      Name="vcrow220"
      UpperColumns="1">
      <ViewCriteriaItem
        Name="TaskNumberVOCriteria1_vcrow220_ProjectId"
        ViewAttribute="ProjectId"
        Operator="="
        Conjunction="AND"
        Value=":bindprojectId"
        IsBindVarValue="true"
        Required="Optional"/>
    </ViewCriteriaRow>
  </ViewCriteria>
  <ViewCriteria
    Name="TaskNumberVOCriteria2"
    ViewObjectName="qantas.com.au.overseas.model.TaskNumberVO"
    Conjunction="AND">
    <Properties>
      <CustomProperties>
        <Property
          Name="displayOperators"
          Value="InAdvancedMode"/>
        <Property
          Name="autoExecute"
          Value="false"/>
        <Property
          Name="allowConjunctionOverride"
          Value="true"/>
        <Property
          Name="showInList"
          Value="true"/>
        <Property
          Name="mode"
          Value="Basic"/>
      </CustomProperties>
    </Properties>
    <ViewCriteriaRow
      Name="vcrow239"
      UpperColumns="1">
      <ViewCriteriaItem
        Name="TaskNumber"
        ViewAttribute="TaskNumber"
        Operator="="
        Conjunction="AND"
        Value=":bindTaskNo"
        IsBindVarValue="true"
        Required="Optional"/>
      <ViewCriteriaItem
        Name="TaskNumberVOCriteria2_vcrow239_ProjectId"
        ViewAttribute="ProjectId"
        Operator="="
        Conjunction="AND"
        Value=":bindprojectId"
        IsBindVarValue="true"
        Required="Optional"/>
    </ViewCriteriaRow>
  </ViewCriteria>
  <ResourceBundle>
    <PropertiesBundle
      PropertiesFile="qantas.com.au.overseas.model.ModelBundle"/>
  </ResourceBundle>
</ViewObject>
