<?xml version="1.0" encoding="windows-1252" ?>
<!DOCTYPE ViewObject SYSTEM "jbo_03_01.dtd">
<!---->
<ViewObject
  xmlns="http://xmlns.oracle.com/bc4j"
  Name="TestViewObject"
  Version="11.1.1.64.93"
  InheritPersonalization="true"
  BindingStyle="OracleName"
  CustomQuery="true"
  PageIterMode="Full"
  UseGlueCode="false">
  <DesignTime>
    <Attr Name="_isExpertMode" Value="true"/>
  </DesignTime>
  <Properties>
    <SchemaBasedProperties>
      <LABEL
        ResId="qantas.com.au.overseas.model.TestViewObject_LABEL"/>
    </SchemaBasedProperties>
  </Properties>
  <Variable
    Name="bindGLCode"
    Kind="where"
    Type="java.lang.String"/>
  <Variable
    Name="bindOrgID"
    Kind="where"
    Type="java.lang.String"/>
  <SQLQuery>
    <![CDATA[SELECT qfeq_ap_inv_img_process.gl_cc_overseas_suspense_check(:bindGLCode,:bindOrgID) as validGLCode FROM dual]]>
  </SQLQuery>
  <ViewAttribute
    Name="Validglcode"
    IsUpdateable="false"
    IsPersistent="false"
    PrecisionRule="true"
    Precision="255"
    Type="java.lang.String"
    ColumnType="VARCHAR2"
    AliasName="VALIDGLCODE"
    Expression="VALIDGLCODE"
    SQLType="VARCHAR">
    <DesignTime>
      <Attr Name="_DisplaySize" Value="4000"/>
    </DesignTime>
  </ViewAttribute>
  <ResourceBundle>
    <PropertiesBundle
      PropertiesFile="qantas.com.au.overseas.model.ModelBundle"/>
  </ResourceBundle>
</ViewObject>
