<?xml version="1.0" encoding="windows-1252" ?>
<!DOCTYPE ViewObject SYSTEM "jbo_03_01.dtd">
<!---->
<ViewObject
  xmlns="http://xmlns.oracle.com/bc4j"
  Name="ValidateRoundingAmount"
  Version="11.1.1.65.57"
  InheritPersonalization="true"
  BindingStyle="OracleName"
  CustomQuery="true"
  PageIterMode="Full"
  UseGlueCode="false">
  <DesignTime>
    <Attr Name="_isExpertMode" Value="true"/>
  </DesignTime>
  <Properties>
    <SchemaBasedProperties>
      <LABEL
        ResId="model.ValidateRoundingAmount_LABEL"/>
    </SchemaBasedProperties>
  </Properties>
  <Variable
    Name="bv_p_currency"
    Kind="where"
    Type="java.lang.String"/>
  <Variable
    Name="bv_p_amount"
    Kind="where"
    Type="java.lang.String"/>
  <SQLQuery>
    <![CDATA[select jseq_ap_inv_img_process.amount_rounding(:bv_p_currency,:bv_p_amount) as validRoundAmount from dual]]>
  </SQLQuery>
  <ViewAttribute
    Name="Validroundamount"
    IsUpdateable="false"
    IsPersistent="false"
    PrecisionRule="true"
    Type="java.math.BigDecimal"
    ColumnType="BIGINT"
    AliasName="VALIDROUNDAMOUNT"
    Expression="VALIDROUNDAMOUNT"
    SQLType="NUMERIC">
    <DesignTime>
      <Attr Name="_DisplaySize" Value="22"/>
    </DesignTime>
  </ViewAttribute>
  <ResourceBundle>
    <PropertiesBundle
      PropertiesFile="model.ModelBundle"/>
  </ResourceBundle>
</ViewObject>
