<?xml version="1.0" encoding="windows-1252" ?>
<!DOCTYPE ViewObject SYSTEM "jbo_03_01.dtd">
<!---->
<ViewObject
  xmlns="http://xmlns.oracle.com/bc4j"
  Name="ValidateTaxCalcRounding"
  Version="11.1.1.65.57"
  InheritPersonalization="true"
  BindingStyle="OracleName"
  CustomQuery="true"
  PageIterMode="Full"
  UseGlueCode="false">
  <DesignTime>
    <Attr Name="_isExpertMode" Value="true"/>
  </DesignTime>
  <Properties>
    <SchemaBasedProperties>
      <LABEL
        ResId="model.ValidateTaxCalcRounding_LABEL"/>
    </SchemaBasedProperties>
  </Properties>
  <Variable
    Name="bv_orgId"
    Kind="where"
    Type="java.lang.String"/>
  <Variable
    Name="bv_currency"
    Kind="where"
    Type="java.lang.String"/>
  <Variable
    Name="bv_tax_code"
    Kind="where"
    Type="java.lang.String"/>
  <Variable
    Name="bv_amount"
    Kind="where"
    Type="java.lang.String"/>
  <SQLQuery>
    <![CDATA[select jseq_ap_inv_img_process.tax_calc_rounding(:bv_orgId,:bv_currency,:bv_tax_code,:bv_amount ) as validTaxRounding from dual]]>
  </SQLQuery>
  <ViewAttribute
    Name="Validtaxrounding"
    IsUpdateable="false"
    IsPersistent="false"
    PrecisionRule="true"
    Type="java.math.BigDecimal"
    ColumnType="BIGINT"
    AliasName="VALIDTAXROUNDING"
    Expression="VALIDTAXROUNDING"
    SQLType="NUMERIC">
    <DesignTime>
      <Attr Name="_DisplaySize" Value="22"/>
    </DesignTime>
  </ViewAttribute>
  <ResourceBundle>
    <PropertiesBundle
      PropertiesFile="model.ModelBundle"/>
  </ResourceBundle>
</ViewObject>
