<?xml version="1.0" encoding="windows-1252" ?>
<!DOCTYPE ViewObject SYSTEM "jbo_03_01.dtd">
<!---->
<ViewObject
  xmlns="http://xmlns.oracle.com/bc4j"
  Name="ValidateGLCodeVO"
  Version="12.2.1.9.14"
  InheritPersonalization="true"
  BindingStyle="OracleName"
  CustomQuery="true"
  PageIterMode="Full">
  <DesignTime>
    <Attr Name="_isExpertMode" Value="true"/>
  </DesignTime>
  <Properties>
    <SchemaBasedProperties>
      <LABEL
        ResId="qantas.com.au.overseas.model.ValidateGLCodeVO_LABEL"/>
    </SchemaBasedProperties>
  </Properties>
  <Variable
    Name="bindGLCode"
    Kind="where"
    Type="java.lang.String"/>
  <Variable
    Name="bindOrgID"
    Kind="where"
    Type="java.lang.String"/>
  <Variable
    Name="bindOrg"
    Kind="where"
    Type="java.lang.String"/>
  <SQLQuery><![CDATA[select * from (SELECT qfeq_ap_inv_img_process.gl_cc_overseas_validation(:bindGLCode,:bindOrgID) as validGLCode,'QF' as org FROM dual) where org=:bindOrg    
union all    
select * from (SELECT jseq_ap_inv_img_process.gl_code_combo_validation(:bindGLCode,:bindOrgID) as validGLCode,'JS' as org FROM dual) where org=:bindOrg]]></SQLQuery>
  <ViewAttribute
    Name="Validglcode"
    IsUpdateable="false"
    IsPersistent="false"
    PrecisionRule="true"
    Precision="4000"
    Type="java.lang.String"
    ColumnType="VARCHAR2"
    AliasName='VALIDGLCODE'
    Expression='VALIDGLCODE'
    SQLType="VARCHAR"
    IsQueriable="false">
    <DesignTime>
      <Attr Name="_DisplaySize" Value="4000"/>
    </DesignTime>
  </ViewAttribute>
  <ViewAttribute
    Name="Org"
    IsUpdateable="false"
    IsPersistent="false"
    PrecisionRule="true"
    Precision="2"
    Type="java.lang.String"
    ColumnType="CHAR"
    AliasName='ORG'
    Expression='ORG'
    SQLType="VARCHAR"
    IsQueriable="false">
    <DesignTime>
      <Attr Name="_DisplaySize" Value="2"/>
    </DesignTime>
  </ViewAttribute>
  <ResourceBundle>
    <PropertiesBundle
      PropertiesFile="qantas.com.au.overseas.model.ModelBundle"/>
  </ResourceBundle>
</ViewObject>
