<?xml version = '1.0' encoding = 'UTF-8'?>
<oracle-webservice-clients xmlns:ns2="http://java.sun.com/xml/ns/javaee">
   <webservice-client>
      <service-qname localpart="QFEQ_AP_INV_IMG_PROCESS_ptt-bindingQSService"
                     namespaceURI="http://xmlns.oracle.com/pcbpel/adapter/db/QFEQ_AP_INV_IMG_PROCESS_TEST-EBS/QFEQ_AP_INV_IMG_PROCESS/QFEQ_AP_INV_IMG_PROCESS"/>
      <port-info>
         <wsdl-port localpart="QFEQ_AP_INV_IMG_PROCESS_ptt-bindingQSPort"
                    namespaceURI="http://xmlns.oracle.com/pcbpel/adapter/db/QFEQ_AP_INV_IMG_PROCESS_TEST-EBS/QFEQ_AP_INV_IMG_PROCESS/QFEQ_AP_INV_IMG_PROCESS"/>
         <runtime/>
         <operations>
            <operation name="qfeqAPINVIMGPROCESS"/>
         </operations>
      </port-info>
   </webservice-client>
</oracle-webservice-clients>
