<?xml version = '1.0' encoding = 'UTF-8'?>
<oracle-webservice-clients xmlns:ns2="http://java.sun.com/xml/ns/javaee">
   <webservice-client>
      <service-qname namespaceURI="http://xmlns.oracle.com/pcbpel/adapter/db/TesteQRule/BusinessRulePrj/approverDetails"
                     localpart="approverDetails_ptt-bindingQSService"/>
      <port-info>
         <wsdl-port namespaceURI="http://xmlns.oracle.com/pcbpel/adapter/db/TesteQRule/BusinessRulePrj/approverDetails"
                    localpart="approverDetails_ptt-bindingQSPort"/>
         <runtime/>
         <operations>
            <operation name="approverDetails"/>
         </operations>
      </port-info>
   </webservice-client>
</oracle-webservice-clients>
