<?xml version = '1.0' encoding = 'UTF-8'?>
<oracle-webservice-clients xmlns:ns2="http://java.sun.com/xml/ns/javaee">
   <webservice-client>
      <service-qname namespaceURI="http://xmlns.oracle.com/JetStarApplication/Qantas_JSRouter/RouterProcess"
                     localpart="RouterProcess_EP_ep"/>
      <port-info>
         <wsdl-port namespaceURI="http://xmlns.oracle.com/JetStarApplication/Qantas_JSRouter/RouterProcess"
                    localpart="RouterProcess_pt"/>
         <runtime/>
         <operations>
            <operation name="process"/>
         </operations>
      </port-info>
   </webservice-client>
</oracle-webservice-clients>
